Venue Id,Neighborhood,Neighborhood Latitude,Neighborhood Longitude,Venue,Venue Latitude,Venue Longitude,Venue Distance,Venue Category,Unnamed: 0_y,Venue Url,Venue Twitter,Venue Instagram,Venue Formatted Phone,Venue Rating,Venue Description,Venue Created,Venue Tips Count,Venue Likes Count
4b66f145f964a52075312be3,CiÌ‡hannuma mah,41.047211100000006,29.007438699999998,Turkcell Plaza Fitness Center,41.04822441965268,29.00871466651929,155,Gym,0,,,,,0.0,,1265037637,0,0
4b703459f964a520830b2de3,Bebek mah,41.077743700000006,29.041628600000003,Mars Athletic Club,41.07591915184542,29.038231613780408,350,Gym / Fitness Center,1,http://www.marsathletic.com,mars_athletic,,+90 212 263 86 96,8.8,,1265644633,52,317
4b7aed0ef964a52089462fe3,EtiÌ‡ler mah,41.0870419,29.037264299999997,Hillside City Club,41.08799296097711,29.031091034581486,528,Gym / Fitness Center,2,https://www.hillside.com.tr,hillsideleisure,,+90 212 352 23 33,8.9,,1266347278,129,1088
4ba67962f964a520265639e3,Bebek mah,41.077743700000006,29.041628600000003,Celebrity Fitness,41.081342,29.03598,620,Gym,3,,,,,0.0,,1269201250,0,0
4bc89f2192b376b0bdcb513a,Kultur mah,41.073201899999994,29.0329,Maya sports center,41.07642511066118,29.02915775768115,476,Gym / Fitness Center,4,,,,,0.0,,1271439137,1,0
4be97d20c5220f478ee2aaca,Akat mah,41.085614299999996,29.0256257,Club Sporium,41.086890881476045,29.024003065024285,196,Gym / Fitness Center,5,http://akatlar.clubsporium.com.tr,clubsporium,,+90 212 385 49 10,8.4,Sporla dolu yaÅŸam merkezi,1273593120,236,1135
4c14c74682a3c9b66bbcfdf8,Kultur mah,41.073201899999994,29.0329,Mayadrom Sports Center(MSC),41.07728053515671,29.032697680815467,454,Gym,6,,,,,6.3,,1276430150,24,12
4c37666c93db0f4737b51f92,ViÌ‡snezade mah,41.0415031,28.9987081,Mars Athletic Club,41.04376499528724,28.99238070971189,587,Gym / Fitness Center,7,http://www.marsathletic.com,mars_athletic,,+90 212 232 44 40,8.6,,1278699116,151,786
4c4ae6c79c8d2d7fe10e316a,MuradiÌ‡ye mah,41.04845039999999,28.9987081,Ä°TÃœ Havuz,41.04635421902713,28.99592248122572,330,Gym Pool,8,http://www.itu.edu.tr,itu1773,,,7.9,,1279977159,6,37
4c51ab6b1c67ef3be50f1bb9,CiÌ‡hannuma mah,41.047211100000006,29.007438699999998,The Alaaddin Club,41.0472598157611,29.00781121320209,31,Gym / Fitness Center,9,,,,+90 212 327 63 93,7.3,,1280420715,6,44
4c585cd0d12a20a1a2d768bd,Akat mah,41.085614299999996,29.0256257,ÅžiÅŸli Terakki Spor Salonu,41.08194566735712,29.024032317117285,429,Gym,10,,,,,7.1,,1280859344,6,57
4c6667d6e75ac9280676f7da,Gayrettepe mah,41.064196200000005,29.006711100000004,Essporto Health & Fitness Club,41.065584954467546,29.01055812835693,357,Gym / Fitness Center,11,http://www.essporto.com,essporto,,+90 212 344 06 66,6.8,,1281779670,344,941
4c6fc3e79c6d6dcba464d07a,Levazim mah,41.06331369999999,29.018351199999998,Korukent Gym,41.06025931172229,29.020800170603696,397,Gym / Fitness Center,12,,,,,7.5,,1282393063,23,103
4c96571203413704ac9483ef,ViÌ‡snezade mah,41.0415031,28.9987081,Swiss Otel Gym,41.04082141366043,28.997064280627693,157,Gym,13,,,,,7.5,,1284921106,7,35
4c990c719c663704c5bf4cfd,MuradiÌ‡ye mah,41.04845039999999,28.9987081,Action gym,41.052083,28.995858000000002,469,Gym / Fitness Center,14,,,,,0.0,,1285098609,1,1
4cb076a3cbab236adb65a073,Gayrettepe mah,41.064196200000005,29.006711100000004,Point Sports Center,41.06392584214797,29.010653306292387,332,Gym / Fitness Center,15,http://www.pointhotel.com,,,+90 212 337 30 37,7.9,,1286633123,61,296
4cbe86b6021ca143ba06560c,DiÌ‡kiÌ‡liÌ‡tas mah,41.0557351,29.003801,Sportomed,41.05619713102739,28.998301682542,464,Gym / Fitness Center,16,,,,,0.0,,1287554742,3,4
4cc172a6083a9c7440223778,Kultur mah,41.073201899999994,29.0329,U-Time Wellness,41.07124577104091,29.02768461969841,488,Gym / Fitness Center,17,,utimewellness,,,7.1,,1287746214,7,8
4cc70557c844721ec909f801,Levazim mah,41.06331369999999,29.018351199999998,Jandarma Spor Salonu,41.063215797353,29.015418120340108,246,Gym / Fitness Center,18,,,,,0.0,,1288111447,1,1
4cd04f637b685481f3c5c0f8,Akat mah,41.085614299999996,29.0256257,Club Sporium Havuz,41.086680670399375,29.024264780690366,164,Gym Pool,19,http://akatlar.clubsporium.com.tr,,,,8.9,,1288720227,26,105
4ced3a2728abb60ca1b8b609,NiÌ‡sbetiÌ‡ye mah,41.0717724,29.021261,GfiT,41.072876,29.019238,209,Gym,20,,,,,0.0,,1290615335,0,0
4cf628caf4478eecdc8710b7,DiÌ‡kiÌ‡liÌ‡tas mah,41.0557351,29.003801,BJK SÃ¼leyman Seba Spor Salonu,41.05487175258832,29.0019275288295,184,Gym,21,,besiktas,,,8.4,,1291200714,25,210
4cf7e30bd3a8a1cd432fd943,DiÌ‡kiÌ‡liÌ‡tas mah,41.0557351,29.003801,Es-line Pilates Studio,41.05646039089998,28.998502302926287,452,Yoga Studio,22,,,,,7.9,,1291313931,1,12
4cf904d4d76da35d9354ca2c,Akat mah,41.085614299999996,29.0256257,Cihnagir Yoga,41.08695,29.021643,365,Yoga Studio,23,,,,,0.0,,1291388116,0,0
4d1393e2058fa35d3e5d2f9f,DiÌ‡kiÌ‡liÌ‡tas mah,41.0557351,29.003801,MeriÃ§ Gym,41.058593,29.006045,369,Gym / Fitness Center,24,,,,,0.0,,1293128674,0,0
4d14493d85fc6dcbaa92964e,Levent mah,41.0818288,29.018351199999998,Cengizhanucgun Pilates,41.08401952477326,29.01358206616785,468,Gym / Fitness Center,25,,,,,0.0,,1293175101,0,1
4d18dc346c8b5481f552f4cc,DiÌ‡kiÌ‡liÌ‡tas mah,41.0557351,29.003801,The One Terrace Sports Club,41.05472040088477,28.998901881174987,426,Gym / Fitness Center,26,,,,+90 212 215 60 70,6.5,,1293474868,86,209
4d29f373915fa093f1a30a0a,NiÌ‡sbetiÌ‡ye mah,41.0717724,29.021261,Belluve Gym,41.07070533780923,29.01835007884489,271,Gym,27,,,,,0.0,,1294594931,0,4
4d2f2ab9e043548174d8b6ed,Bebek mah,41.077743700000006,29.041628600000003,Beyond Pilates,41.07875709298704,29.03539527872138,535,Gym / Fitness Center,28,,elifit,,,7.4,,1294936761,3,6
4d31776df8c9224b9a31a7d2,Bebek mah,41.077743700000006,29.041628600000003,Etiler Life Gym VIP,41.08135023759447,29.036011899764198,619,Gym / Fitness Center,29,,,,,0.0,,1295087469,0,0
4d3725eac47db1f7532feda5,Levent mah,41.0818288,29.018351199999998,Reflex Point,41.085044,29.020177,389,Yoga Studio,30,,,,,0.0,,1295459818,0,0
4d4a33d583eda1cdb555b0b1,NiÌ‡sbetiÌ‡ye mah,41.0717724,29.021261,Lotus YA Levent,41.074734,29.017722999999997,443,Yoga Studio,31,,,,,0.0,,1296708565,0,0
4d6a60041a88b1f70c04375d,DiÌ‡kiÌ‡liÌ‡tas mah,41.0557351,29.003801,Polat Towerside Gym Club,41.056789074666135,28.999028452366492,417,Gym,32,,,,,0.0,,1298817028,1,1
4d761570ec646dcb82abf510,Konaklar mah,41.0934402,29.013986300000003,Gym House,41.088755,29.012857,530,Gym,33,,,,,0.0,,1299584368,0,0
4d78bdc2109eb1f730dd5306,Kultur mah,41.073201899999994,29.0329,Ulus Body & Fitness,41.07059788850618,29.02814956049052,492,Gym / Fitness Center,34,,,,,0.0,,1299758530,1,3
4d7cf6aef260a093968043ba,Ulus mah,41.0632296,29.027080600000005,Platin Gym,41.062021092240116,29.029449054404783,240,Yoga Studio,35,,,,,0.0,,1300035246,1,2
4d80855f6bd8b60cb24d4a7c,Kultur mah,41.073201899999994,29.0329,D's Pilates,41.071985399627145,29.029054960823437,349,Gym / Fitness Center,36,,,,,7.5,,1300268383,1,9
4d95cd7ab188721e55a4e636,Akat mah,41.085614299999996,29.0256257,Gym Schutzwaffe,41.0814632,29.025064675,464,Gym,37,,,,,0.0,,1301663098,0,0
4d9602ff0caaa143df746cb3,EtiÌ‡ler mah,41.0870419,29.037264299999997,Oxygen GYM,41.08600103640639,29.04326384197769,516,Gym,38,,,,,7.5,,1301676799,8,9
4d9b30ba03d8721ebfd5e124,Bebek mah,41.077743700000006,29.041628600000003,Baps 'Body Arts Pilates Studio',41.077546642193305,29.04246113760111,73,Gym / Fitness Center,39,http://t.co/j1wxfc6NaU,pilatesbaps,,+90 212 263 75 07,7.5,,1302016186,8,17
4da47b620f578cfa57f9cf18,Bebek mah,41.077743700000006,29.041628600000003,BBL Gym,41.078396999999995,29.044911,284,Gym,40,,,,,0.0,,1302625122,0,1
4dac54c35da3ba8a47b3b43f,NiÌ‡sbetiÌ‡ye mah,41.0717724,29.021261,Pilates studio,41.075078989831894,29.024122542310423,439,Yoga Studio,41,,,,,0.0,,1303139523,0,0
4db29a5643a17e74378d0d7a,Levent mah,41.0818288,29.018351199999998,Yogha,41.084930099540955,29.01589307615362,402,Yoga Studio,42,,,,+90 212 324 61 08,0.0,,1303550550,0,0
4dbae5066e815ab0de5d1845,Konaklar mah,41.0934402,29.013986300000003,Harp Akademileri Spor Salonu,41.09407413467154,29.014046345622138,70,Gym,43,,,,,8.9,,1304093958,6,58
4dc2cbc945ddd5b5b6b4b5bc,SiÌ‡nanpasa mah,41.0418657,29.005111600000003,Ota Gym,41.04217125408577,29.004641869615345,52,Gym,44,,,,,0.0,,1304611785,2,1
4dc41c0e18387d1bd51a5e60,Kurucesme mah,41.0616299,29.0329,Caudalie Spa & Fitness,41.05887224633784,29.036134846579014,409,Gym / Fitness Center,45,,,,,0.0,,1304697870,1,3
4dcbaacfd4c0dfa030d4c599,Levent mah,41.0818288,29.018351199999998,YapÄ± Kredi Plaza D Blok Spor Salonu,41.08140326564367,29.01416528690401,354,Gym,46,,,,,0.0,,1305193167,1,3
4dd299cfae60fb3f53c486f8,MuradiÌ‡ye mah,41.04845039999999,28.9987081,Nis Plates,41.051373646865365,28.998243493365887,327,Gym / Fitness Center,47,,,,,0.0,,1305647567,0,2
4dd2a4a9d16465f3f95719c6,CiÌ‡hannuma mah,41.047211100000006,29.007438699999998,Pilates point studio nisantasi,41.04939958481878,29.001683706033358,541,Gym / Fitness Center,48,,,,,0.0,,1305650345,0,0
4dda8fa41f6ee146836d0044,Bebek mah,41.077743700000006,29.041628600000003,Life Gym,41.081331833839705,29.03597232786149,620,Gym,49,,,,,0.0,,1306169252,4,0
4de0b20dc65bcc724f460522,Ortakoy mah,41.053970299999996,29.027080600000005,Frog Yoga & Pilates,41.05365894309017,29.029492798511395,205,Yoga Studio,50,,,,+90 212 259 05 03,0.0,,1306571277,0,6
4decc12efa76cc1b8b1e7abc,Levent mah,41.0818288,29.018351199999998,Dr.Ender SaraÃ§,41.077093645347325,29.014945609097644,599,Yoga Studio,51,,,,,0.0,,1307361582,0,1
4decf4d722713dd973d238fc,Bebek mah,41.077743700000006,29.041628600000003,Hero House Pilates,41.080768451590025,29.03606604580401,575,Gym / Fitness Center,52,,,,,7.6,,1307374807,3,9
4dfc661fb0fb84d7ace0142d,EtiÌ‡ler mah,41.0870419,29.037264299999997,Joy Pilates Etiler,41.08469504505284,29.033650481719192,400,Gym / Fitness Center,53,,,,+90 212 352 50 40,8.2,,1308386847,1,8
4e042b37e4cd92cb899cafc4,Akat mah,41.085614299999996,29.0256257,Parkmaya Site Havuzu,41.08591772480092,29.02191711607842,312,Gym Pool,54,,,,,7.5,,1308896055,2,14
4e0db686fa76d62f4440ef68,MeciÌ‡diÌ‡ye mah,41.050939299999996,29.021261,Bross Pilates Studio,41.05522644414136,29.019536586897036,498,Gym / Fitness Center,55,,,,,0.0,,1309521542,0,5
4e116520b3adf2a0f5a2d5c6,CiÌ‡hannuma mah,41.047211100000006,29.007438699999998,Health Club & Spa Soul,41.0469964978444,29.008914572004947,126,Gym / Fitness Center,56,https://conradhotels3.hilton.com/en/hotels/turkey/conrad-istanbul-bosphorus-ISTHCCI/amenities/spa.html,,,,8.5,Health Club & Spa Soul set within the exquisite Conrad Istanbul Bosphorus is the ideal destination for relaxation.,1309762848,22,50
4e15e3aad4c0e3d78b3117cb,Kultur mah,41.073201899999994,29.0329,Fitin 15,41.069063735302,29.03000452145216,520,Gym,57,,,,,0.0,,1310057386,0,0
4e22a52d62e1964dbb73daae,Konaklar mah,41.0934402,29.013986300000003,Spor Salonu @lojmanlar,41.09494090201608,29.015949910996124,234,Gym,58,,,,,0.0,,1310893357,0,0
4e22f6cce4cdf68591949534,Ulus mah,41.0632296,29.027080600000005,Ã‡amlÄ±tepe Sitesi Pool&cafe,41.063240839702146,29.029924959954645,238,Gym Pool,59,,,,,0.0,,1310914252,1,1
4e2700da483b329ccb4057c7,Konaklar mah,41.0934402,29.013986300000003,Terrace Studio,41.09210103775168,29.01891458393512,439,Yoga Studio,60,,,,,0.0,,1311178970,0,1
4e2ec1961838f1c552bd52b2,Balmumcu mah,41.059104600000005,29.014713699999998,The Plaza Hotel GYM,41.06263508918065,29.011511991107373,476,Gym,61,http://www.theplazahotel.com.tr,,,+90 212 370 20 20,6.8,"Otelimizin 4B katÄ±nda yer alan, her gÃ¼n 07.00-22.00 saatleri arasÄ±nda hizmet veren The Plaza Gym'de Plazma TV'ler eÅŸliÄŸinde Cybex kondisyon aletleri, kiÅŸiye Ã¶zel fitness programÄ±, terapatik uygulamalar, stretching, havuz, jakuzi, sauna, vitamin bar ile gÃ¼nÃ¼n yorgunluÄŸunu ve stresini atabilirsiniz.",1311687062,0,6
4e37156b091ae705a0f9af26,Gayrettepe mah,41.064196200000005,29.006711100000004,TTNET Gym,41.069137203586266,29.00518768325084,564,Gym,62,,,,,0.0,,1312232811,0,4
4e64e94fd22d509a3aaa5fe1,Kultur mah,41.073201899999994,29.0329,N-Fit Pilates Studio,41.07145008331505,29.029870853637128,320,Gym / Fitness Center,63,,,,,0.0,,1315236175,1,4
4e687b1e52b128a09ebdf3b2,CiÌ‡hannuma mah,41.047211100000006,29.007438699999998,Nafiz BaÅŸaran Boks Okulu,41.04464690901092,29.007325334531394,285,Gym / Fitness Center,64,http://www.nafizbasaran.com,,,,0.0,,1315470110,1,4
4e68fc91d22df5c11f8d8805,NiÌ‡sbetiÌ‡ye mah,41.0717724,29.021261,LFB - Kempinski,41.07036353339015,29.01812723795283,306,Gym / Fitness Center,65,,,,,0.0,,1315503249,0,2
4e79ea90b61c0c4cb56323e2,Levent mah,41.0818288,29.018351199999998,Aristo Sports Center,41.082295,29.014772999999998,304,Gym,66,,,,,0.0,,1316612752,0,0
4e7d9d89f7900294813f1f5d,NiÌ‡sbetiÌ‡ye mah,41.0717724,29.021261,My Yoga Mat,41.069284672741595,29.02017268094982,291,Yoga Studio,67,,,,,0.0,,1316855177,0,0
4e89be292c5b673ad54cd1e7,Balmumcu mah,41.059104600000005,29.014713699999998,B-Fit Balmumcu,41.061955332271616,29.01139223559897,422,Gym,68,,,,+90 212 212 46 00,7.5,,1317649961,3,7
4e89cdf1cc212845e5b07aeb,MeciÌ‡diÌ‡ye mah,41.050939299999996,29.021261,Rocky Gym,41.053076537614885,29.023514355067142,303,Gym,69,,,,+90 212 258 68 58,7.0,,1317654001,17,32
4e89e54b7ee6a22446669cf9,DiÌ‡kiÌ‡liÌ‡tas mah,41.0557351,29.003801,Tunc Fight Club,41.05649864251456,29.002957741339845,110,Gym,70,,,,,7.4,,1317659979,4,10
4e89f9724690ceb3f17adc1d,DiÌ‡kiÌ‡liÌ‡tas mah,41.0557351,29.003801,Mi Estilo Fitness & Spa,41.0559321203853,29.008122267696987,363,Gym / Fitness Center,71,http://www.mi-estilo.net,miestilogym,,+90 212 259 10 22,7.7,,1317665138,36,170
4e8edadeb803483190689f53,TurkaliÌ‡ mah,41.0476515,29.00161829999999,Sports Center Besiktas,41.046074353535474,28.99941008498178,255,Gym,72,,,,,0.0,,1317984990,0,0
4e931eb055037de99d9cefab,MeciÌ‡diÌ‡ye mah,41.050939299999996,29.021261,Rocky Sports Center,41.05310765711649,29.023491148468874,305,Gym / Fitness Center,73,,,,,0.0,,1318264496,1,1
4e9360a28b81592e629995df,NiÌ‡sbetiÌ‡ye mah,41.0717724,29.021261,Gokahmet's fitness center,41.068643233396365,29.025378520083574,490,Gym,74,,,,,0.0,,1318281378,0,0
4e995f618b81f3191334635f,DiÌ‡kiÌ‡liÌ‡tas mah,41.0557351,29.003801,Blue Vision Fitness Akademi,41.05443864953047,29.007564795690307,347,Gym / Fitness Center,75,,,,+90 212 351 36 56,0.0,,1318674273,1,2
4e99efd261afc418b981b041,Bebek mah,41.077743700000006,29.041628600000003,Yoga,41.08189792072819,29.043296394436823,483,Yoga Studio,76,,,,,0.0,,1318711250,0,0
4e9d4b9602d527780616d531,Balmumcu mah,41.059104600000005,29.014713699999998,World Class Fitness Center,41.055886252746895,29.008225863146066,651,Gym,77,,,,,0.0,,1318931350,0,0
4ea98d24490158681b0d5fc1,Abbasaga mah,41.0480102,29.004528499999996,The One Sports,41.04696050440396,29.00492924187871,121,Gym / Fitness Center,78,,,,,0.0,,1319734564,0,0
4eadaee89911d5c951671ee4,Yildiz mah,41.047149499999996,29.013986300000003,H&M,41.04429863659589,29.016881999412302,399,Yoga Studio,79,,,,,0.0,,1320005352,0,0
4eaeb68882315d0ca61f6999,Yildiz mah,41.047149499999996,29.013986300000003,Mini Ven,41.04465,29.016533000000003,350,Yoga Studio,80,,,,,0.0,,1320072840,0,0
4ec2ac6b9adf5630f701a3e0,NiÌ‡sbetiÌ‡ye mah,41.0717724,29.021261,Dogakent Sitesi Spor Salonu,41.068462888781276,29.02327125035205,405,Gym,81,,,,,0.0,,1321380971,1,3
4ec51678f790c16e5238c264,MeciÌ‡diÌ‡ye mah,41.050939299999996,29.021261,Ortakoy Princess Hotel Saglikli Yasam Merkezi,41.04935431174121,29.02648870767601,473,Gym,82,,,,,5.6,,1321539192,0,4
4ecd1e4a2c5b26aab95c9c7d,TurkaliÌ‡ mah,41.0476515,29.00161829999999,Ahalya Pilates,41.048542397290255,28.995448220060943,527,Yoga Studio,83,,,,,0.0,,1322065482,1,0
4ed2590ce3007feb7fca72a5,Gayrettepe mah,41.064196200000005,29.006711100000004,NYG Fitness Center,41.06758963167435,29.00586139713452,384,Gym,84,,,,,0.0,,1322408204,0,0
4ed3d7c399114b488c0c5a3c,SiÌ‡nanpasa mah,41.0418657,29.005111600000003,Milli Saraylar Spor Salonu,41.04692,29.00436,566,Gym,85,,,,,0.0,,1322506179,0,0
4ed7f2e993adde11f9a39076,Ulus mah,41.0632296,29.027080600000005,"Eryuruk Inn ""3rd Floor Gym""",41.06451455767521,29.02653219196286,150,Gym,86,,,,,0.0,,1322775273,0,0
4eeb3538b634b469c34e7ba3,Ulus mah,41.0632296,29.027080600000005,Mef Konutlari Gym Center,41.06284981867304,29.023792917480982,279,Gym,87,,,,,0.0,,1324037432,0,1
4eef97d6f9ab8c5a0419c967,Ulus mah,41.0632296,29.027080600000005,Ulus Vadi Spor Salonu,41.06193620675656,29.023888058288485,304,Gym / Fitness Center,88,,,,,0.0,,1324324822,1,2
4ef87351f790731252bff7a3,Kurucesme mah,41.0616299,29.0329,Muscle Gym,41.060504721889295,29.035843086605247,276,Gym,89,,,,,0.0,,1324905297,0,4
4f0acdd4e4b08f524b162dfc,Levent mah,41.0818288,29.018351199999998,YaÅŸam Yolu,41.08516675940179,29.01342642372705,555,Yoga Studio,90,,,,+90 212 279 77 12,0.0,,1326108116,1,0
4f0b2d03e4b0fcefab4a7ac7,SiÌ‡nanpasa mah,41.0418657,29.005111600000003,GYM works,41.04464722617342,29.00344346564981,339,Gym / Fitness Center,91,,,,+90 212 259 91 71,6.8,"SaÄŸlÄ±klÄ± yaÅŸam, zinde bir vÃ¼cut iÃ§in  ''GYM works''.",1326132483,56,320
4f0c675be4b0065899eb0a8c,Kultur mah,41.073201899999994,29.0329,D-Gym Etiler,41.077175736818035,29.03372150692355,447,Gym / Fitness Center,92,,,,,9.2,,1326212955,7,143
4f20387fe4b03be7a562e2b8,Kultur mah,41.073201899999994,29.0329,Bfit Ulus,41.07381123871451,29.028602221671125,366,Gym,93,,,,,7.7,,1327511679,3,9
4f2ac9d7e4b0e2cf5e86fa57,Ulus mah,41.0632296,29.027080600000005,Bujin Fight Club,41.05881400852746,29.024286515995684,544,Martial Arts Dojo,94,,,,,8.9,,1328204247,2,44
4f3522aae4b01f8cbc93802c,ViÌ‡snezade mah,41.0415031,28.9987081,Pilates,41.04346525709521,28.999270155874253,223,Yoga Studio,95,,,,,0.0,,1328882346,0,1
4f352c0ee4b0ba1c47ecab3f,NiÌ‡sbetiÌ‡ye mah,41.0717724,29.021261,Veges,41.07604636908125,29.019951031041018,488,Gym,96,,,,,0.0,,1328884750,0,0
4f36705ae4b0e313d267887c,MeciÌ‡diÌ‡ye mah,41.050939299999996,29.021261,Fitness World,41.05321858626819,29.020758062503408,257,Gym,97,,,,,0.0,,1328967770,0,1
4f3e0684a17cd1c4c4c43db3,Gayrettepe mah,41.064196200000005,29.006711100000004,B-Fit,41.0625029378191,29.009335041046143,289,Gym,98,http://www.b-fit.com.tr,,,+90 212 212 46 00,0.0,,1329464964,0,0
4f3f8726e4b0b5869f7cf0c9,Levent mah,41.0818288,29.018351199999998,TSYD Spor Salonu,41.079953651053955,29.020485263610574,275,Gym,99,,,,,0.0,,1329563430,1,3
4f426558e4b0f4a9fc6c9b70,Yildiz mah,41.047149499999996,29.013986300000003,Yoga Academy,41.04539101865342,29.011670188531014,275,Yoga Studio,100,,,,,0.0,,1329751384,1,1
4f4d1041e4b0b2a2fd5fd07f,MeciÌ‡diÌ‡ye mah,41.050939299999996,29.021261,PrÄ±ncess Otel,41.050312970320775,29.025475133332485,360,Gym / Fitness Center,101,,,,,6.9,,1330450497,1,7
4f571209e4b0be1ce2d5463b,DiÌ‡kiÌ‡liÌ‡tas mah,41.0557351,29.003801,Polat Boks Salonu,41.05589320983517,29.003103814488092,61,Martial Arts Dojo,102,http://www.etilerboks.com,,,+90 212 265 38 45,9.4,,1331106313,9,131
4f5cb2fbe4b01219ac44d7ca,Ulus mah,41.0632296,29.027080600000005,nevra's soul center,41.06663883671103,29.024520364437265,436,Yoga Studio,103,,,,,0.0,,1331475195,0,0
4f5e304fe4b0c4b68b4b6828,TurkaliÌ‡ mah,41.0476515,29.00161829999999,Om Yoga,41.04591015114885,29.00122053919753,196,Yoga Studio,104,,,,,8.9,,1331572815,19,63
4f7429f6e4b026e7916eca0b,NiÌ‡sbetiÌ‡ye mah,41.0717724,29.021261,Avantgarde Fitness & Spa,41.07084198494302,29.01526401187274,513,Gym / Fitness Center,105,http://www.avantgardespa.net,,,+90 212 267 23 33,7.4,,1333012982,41,160
4f748e3be4b0f3ab58ac89e4,NiÌ‡sbetiÌ‡ye mah,41.0717724,29.021261,Beyaz Vadi Spor Salonu,41.07426665211249,29.023804283866202,350,Gym / Fitness Center,106,,,,,0.0,,1333038651,0,0
4f906c4be4b09decf96a6df0,Konaklar mah,41.0934402,29.013986300000003,508 No'lu Oda,41.09591989764315,29.017649263070634,413,Gym,107,,,,,0.0,,1334864971,0,1
4f957f30e4b01b89912bc7e0,DiÌ‡kiÌ‡liÌ‡tas mah,41.0557351,29.003801,CONAN Spor Salonu,41.056789380383115,29.005651094308117,194,Gym,108,,,,,0.0,,1335197488,0,0
4f95be7de4b0d668ffb66a64,Akat mah,41.085614299999996,29.0256257,Alman Deresi YÃ¼rÃ¼yÃ¼ÅŸ Parkuru,41.08763739845536,29.0295442007877,398,Track,109,,,,,8.7,,1335213693,11,83
4f9bc0c7e4b08ea038eca857,EtiÌ‡ler mah,41.0870419,29.037264299999997,Spor Sart,41.084035517640906,29.041585961571823,493,Gym,110,,,,,0.0,,1335607495,0,0
4f9d39f5e4b0ef2f716320f1,Levazim mah,41.06331369999999,29.018351199999998,Selenium City Spor,41.06643856997163,29.01920651233768,355,Gym Pool,111,,,,,0.0,,1335704053,0,0
4fae2107e4b0664ab7791009,Balmumcu mah,41.059104600000005,29.014713699999998,Life Fitness,41.0604127816369,29.010983353881286,345,Gym,112,,,,,0.0,,1336811783,1,3
4faffe62e4b0861ead2dc747,CiÌ‡hannuma mah,41.047211100000006,29.007438699999998,Yoga Evi,41.04455195705611,29.008009879802422,299,Yoga Studio,113,,,,,0.0,,1336933986,0,0
4fb73636e4b01fc5324c57da,ViÌ‡snezade mah,41.0415031,28.9987081,Swiss Hotel Bosphorus SPA & Wellness Center,41.042453145359175,28.99296418676912,493,Gym / Fitness Center,114,,,,,7.5,,1337407030,5,19
4fb91c39e4b002b8bbaa24bc,DiÌ‡kiÌ‡liÌ‡tas mah,41.0557351,29.003801,Sky Fitness,41.054066790785576,29.00017175177528,356,Gym / Fitness Center,115,,,,,0.0,,1337531449,0,0
4fc4f5d4e4b02a2bec17c30a,Konaklar mah,41.0934402,29.013986300000003,Tria Club,41.09069594210857,29.008674880258422,540,Gym / Fitness Center,116,http://fbf.bz/b/l9,,,+90 212 284 81 74,0.0,,1338308052,0,0
4fc5061ce4b02a2bec1ed4be,Bebek mah,41.077743700000006,29.041628600000003,Yoga Academy Ä°stanbul,41.080907192785205,29.035999929756606,589,Gym,117,http://fbf.bz/b/O1,,,+90 212 265 23 54,0.0,,1338312220,0,1
4fc77c66e4b06af1d0f968e4,SiÌ‡nanpasa mah,41.0418657,29.005111600000003,Yoga Academy,41.0443672468324,29.00900437590007,429,Yoga Studio,118,,,,+90 212 236 41 76,0.0,,1338473574,0,3
4fc9b8c9e4b0f9aeca841504,SiÌ‡nanpasa mah,41.0418657,29.005111600000003,SWEAT Fitness Center,41.04254040858915,29.002490833427714,232,Gym,119,,,,+90 212 381 21 21,0.0,,1338620105,0,1
4fcd42e8e4b0b705e87c3786,SiÌ‡nanpasa mah,41.0418657,29.005111600000003,Yogaevi,41.043579,29.007983000000003,307,Yoga Studio,120,http://fbf.bz/b/3uM,,,+90 212 327 87 14,0.0,,1338852072,0,0
4fcdfa55e4b0c300d50367ba,CiÌ‡hannuma mah,41.047211100000006,29.007438699999998,Champion Sport Center,41.047503000000006,29.007795,44,Gym,121,http://fbf.bz/b/6Ac,,,+90 212 327 53 13,0.0,,1338899029,0,0
4fce2562e4b0155a2eabb5ec,Levazim mah,41.06331369999999,29.018351199999998,Korukent Rekreasyon Merkezi,41.05989,29.02165,471,Gym,122,http://fbf.bz/b/7r1,,,+90 212 274 06 68,0.0,,1338910050,0,0
4fd04bf9e4b00dbf7d8d8276,Ulus mah,41.0632296,29.027080600000005,Tai chi Salon2 United Clubs,41.058863751939704,29.024435116925503,534,Yoga Studio,123,,,,,0.0,,1339051001,1,0
4fd08cb1e4b0da17b0341523,DiÌ‡kiÌ‡liÌ‡tas mah,41.0557351,29.003801,Avatar Gym,41.055879242455,29.00305859890007,64,Gym,124,,,,,0.0,,1339067569,0,1
4fd39809e4b0a8f57126ea38,Akat mah,41.085614299999996,29.0256257,ersin's gym,41.086463928222656,29.02676010131836,134,Gym,125,,,,,0.0,,1339267081,1,0
4fd4e627e4b0a071e1d8148e,Levazim mah,41.06331369999999,29.018351199999998,Selenium Havuz,41.06595502093603,29.01949068020779,309,Gym Pool,126,,,,,0.0,,1339352615,0,0
4fd8489be4b02579a17d33e4,EtiÌ‡ler mah,41.0870419,29.037264299999997,Pilates Etiler,41.084028123298616,29.03373325729612,447,Gym,127,,,,+90 212 352 70 46,0.0,,1339574427,2,1
4fdc22d3e4b090d3f585e5bf,Levent mah,41.0818288,29.018351199999998,Cengiz Han ÃœÃ§gÃ¼n Pilates Studio,41.08294582532909,29.013922258500784,391,Gym / Fitness Center,128,,,,,7.9,,1339826899,3,9
4fdee8cce4b044e8235978ed,ViÌ‡snezade mah,41.0415031,28.9987081,Sport House Fight Club,41.04417860181871,29.0010527795587,357,Martial Arts Dojo,129,,,,,0.0,,1340008652,0,4
4fe34efde4b0fcbc9309fe10,Ortakoy mah,41.053970299999996,29.027080600000005,UnÄ±ted cÄ±mps spor salonu,41.0579420598637,29.023429192709393,537,Gym,130,,,,,0.0,,1340296957,0,0
4fe3b235e4b043458f13e2b6,Balmumcu mah,41.059104600000005,29.014713699999998,SaklÄ±kent Fitness,41.0614712203339,29.015250840971703,267,Gym,131,,,,,0.0,,1340322357,0,0
4fea530ad5fb2dc8becacdae,SiÌ‡nanpasa mah,41.0418657,29.005111600000003,WellGym Spor Merkezi,41.043763306496345,29.007594582441982,296,Gym,132,,wellgymistanbul,,+90 212 227 00 66,0.0,,1340756746,0,3
4feff5ace4b0ccc775a19318,ViÌ‡snezade mah,41.0415031,28.9987081,Pilates FNB,41.042873,29.000612,220,Gym,133,http://www.pilatesfnb.com,pilatesfnb,,,8.4,,1341126060,7,12
4ff7eb06e4b042cc2a9f7b77,DiÌ‡kiÌ‡liÌ‡tas mah,41.0557351,29.003801,selenium sky fitness,41.05416790890077,29.00103889425294,290,Gym,134,,,,,0.0,,1341647622,1,5
50018ef7e4b05e79b09c2a56,ViÌ‡snezade mah,41.0415031,28.9987081,G-Mall Macka Mac Group,41.043768084126675,28.992456669012185,582,Gym Pool,135,,,,,7.7,,1342279415,2,21
50055a0ee4b0f953a324a953,MuradiÌ‡ye mah,41.04845039999999,28.9987081,Fitflex,41.04720291062301,28.99625538014979,248,Gym,136,,,,,0.0,,1342528014,0,1
500a96fbe4b02a36e9dd8c64,SiÌ‡nanpasa mah,41.0418657,29.005111600000003,GÃ¼ner Spor KulÃ¼bÃ¼,41.04402670010511,29.00486290375661,241,Martial Arts Dojo,137,,,,,7.6,,1342871291,5,10
502aa0b9e4b0cb56a8b7b059,TurkaliÌ‡ mah,41.0476515,29.00161829999999,Sporthall,41.0462406745182,29.001139528907924,162,Gym,138,,,,,0.0,,1344970937,0,0
50360252e4b0e3f1e5cd72cd,Yildiz mah,41.047149499999996,29.013986300000003,Gym,41.04234332156413,29.011403057147003,577,Gym,139,,,,,0.0,,1345716818,0,1
5037c343e4b0f46ba0c8a27a,ViÌ‡snezade mah,41.0415031,28.9987081,MAC G-mall havuz,41.04372862517724,28.99233733587197,589,Gym Pool,140,,,,,7.8,,1345831747,3,23
5049a55ae4b0e1f266630d8e,Levent mah,41.0818288,29.018351199999998,By Fitness,41.084123999999996,29.019104,263,Climbing Gym,141,,,,,0.0,,1347003738,0,0
504a3204e4b00c0107c4ac40,MuradiÌ‡ye mah,41.04845039999999,28.9987081,Pilates & Pilates Istanbul,41.0482836374397,28.993152048173677,466,Gym,142,http://www.papistanbul.com,papistanbul,,+90 212 231 58 87,9.2,,1347039748,4,35
504e0fcfe4b050eb2b45594e,Gayrettepe mah,41.064196200000005,29.006711100000004,Kuveytturk Fitness Club,41.068686940795644,29.006721551607672,499,Gym,143,,,,,0.0,,1347293135,0,2
5052ec4ee4b0244ddd41735d,EtiÌ‡ler mah,41.0870419,29.037264299999997,Outlook Pilates,41.08980311817332,29.033959812408884,413,Gym / Fitness Center,144,,,,,0.0,,1347611726,2,3
505a5c8fe4b0279819a840bf,Yildiz mah,41.047149499999996,29.013986300000003,MG Fit in Fitness,41.0479,29.015428999999997,147,Gym,145,http://fbf.bz/b/fNL,,,+90 533 560 10 31,0.0,,1348099215,0,0
505ee6c1e4b0afdc79a558ab,DiÌ‡kiÌ‡liÌ‡tas mah,41.0557351,29.003801,KoÃ§ Universty GYM,41.054918926674816,28.99794926573524,499,Gym,146,,,,,0.0,,1348396737,0,0
5065a2a4e4b06062647e78cf,Bebek mah,41.077743700000006,29.041628600000003,Circle Pilates Studio,41.076465786973216,29.04263442873568,165,Gym,147,,,,,8.5,,1348838052,6,18
5069b20ee4b029886611e4c6,MuradiÌ‡ye mah,41.04845039999999,28.9987081,'studiODA',41.048074,28.997794,87,Gym,148,,,,,0.0,,1349104142,0,0
506c0b4ce4b09eff15bd863d,TurkaliÌ‡ mah,41.0476515,29.00161829999999,Nuvola spor salonu,41.045439,29.003346999999998,285,Gym,149,,,,,0.0,,1349258060,0,0
507459b7fe7097adb9e0c1cf,DiÌ‡kiÌ‡liÌ‡tas mah,41.0557351,29.003801,Ã‡ilek Spor - Bayanlara Ã–zel Spor Merkezi,41.052655496687656,29.00606033197589,391,Gym,150,,cilekspor,,+90 212 236 31 80,0.0,,1349802423,3,3
507584a7e4b09eeb0428604a,DiÌ‡kiÌ‡liÌ‡tas mah,41.0557351,29.003801,Nt sports organÄ±zasyon,41.056060256496956,28.998688203273417,430,Gym,151,,,,,0.0,,1349878951,0,0
5077e28be4b0df11c87f0823,Kultur mah,41.073201899999994,29.0329,namik ekin gym,41.071791425876754,29.028197328683,424,Gym,152,,,,,0.0,,1350034059,0,2
507d9626e4b0ff7c67d968a0,TurkaliÌ‡ mah,41.0476515,29.00161829999999,Ã‡eliktÃ¼rk Spor Merkezi,41.0496976240381,29.002007694298893,230,Gym,153,,,,,0.0,,1350407718,0,0
50803e98e4b093287aa41207,Kultur mah,41.073201899999994,29.0329,Altindal Spor Merkezi,41.07196831567149,29.02805289106234,429,Gym / Fitness Center,154,,,,,0.0,,1350581912,1,3
508bd76de4b0988211a05c68,Kultur mah,41.073201899999994,29.0329,Private Training Studio,41.07553084462071,29.03477040934782,303,Gym / Fitness Center,155,,,,,9.0,,1351341933,14,50
50980060e4b0272e115cb81e,Gayrettepe mah,41.064196200000005,29.006711100000004,Turk Telekom Gymnasium,41.06636819653531,29.005724984523138,255,Gym,156,,,,,0.0,,1352138848,0,0
50994a80e4b062b9e4472a0a,Ulus mah,41.0632296,29.027080600000005,United Clup Zumba,41.06209893984892,29.023417826296388,332,Gym / Fitness Center,157,,,,,0.0,,1352223360,0,0
50acb6d9e4b0f9c3315f3fd5,Kurucesme mah,41.0616299,29.0329,ecentric body works,41.06034463640545,29.036596616324378,341,Gym,158,,,,,0.0,,1353496281,0,0
50ae3f6ce4b00b39bbfb52fe,TurkaliÌ‡ mah,41.0476515,29.00161829999999,Sporex Gym,41.0458093116675,29.00121761645486,207,Gym,159,,,,,0.0,,1353596780,0,0
50b8ba7be4b0073faa8efd2b,MuradiÌ‡ye mah,41.04845039999999,28.9987081,Urban Health Pilates,41.05034518943177,28.99378153031601,464,Gym,160,,urbanhealthpila,,+90 212 224 28 72,9.2,,1354283643,19,68
50cc76dce4b0b0b97c7affd7,Gayrettepe mah,41.064196200000005,29.006711100000004,BJK Akatlar Spor Salonu,41.067232116721115,29.007299406051768,341,Gym / Fitness Center,161,,,,,7.0,,1355577052,2,7
50cc7f39e4b06fef2129961c,Kultur mah,41.073201899999994,29.0329,Solo Pilates Studio,41.075966084544675,29.033293622785486,309,Gym,162,http://solopilatesstudio.com,,,+90 530 068 97 37,8.4,,1355579193,2,13
50d1a55fe4b0ef9beb063a77,NiÌ‡sbetiÌ‡ye mah,41.0717724,29.021261,"Pilates Studio Form, Ulus Etiler",41.07559195768989,29.02441328361512,500,Gym / Fitness Center,163,,,,+90 212 322 46 11,0.0,,1355916639,1,5
50d2e821e4b057df6643df2f,Levent mah,41.0818288,29.018351199999998,IBM Gym,41.08064564194295,29.01176428432512,568,Gym / Fitness Center,164,,,,,0.0,,1355999265,0,1
50db3a37e4b004dcfa6375ab,Gayrettepe mah,41.064196200000005,29.006711100000004,Selenium Panorama Gym And Sauna,41.06197305466088,29.009442184902497,337,Gym,165,,,,,0.0,,1356544567,0,1
50dd8156e4b0974a153efc69,Levent mah,41.0818288,29.018351199999998,GÃ¼rsel Spor,41.08418752428975,29.01947931350309,279,Gym,166,,,,,0.0,,1356693846,0,0
50ddca30e4b0e421da8b5fcd,MuradiÌ‡ye mah,41.04845039999999,28.9987081,IÅŸÄ±k okullarÄ± Aikido Dojo,41.04997744588759,28.993941888863482,434,Martial Arts Dojo,167,,,,+90 532 572 23 23,0.0,,1356712496,1,0
50dec826e4b05f3e832143a2,Konaklar mah,41.0934402,29.013986300000003,Mac EntertaÄ±ment Sports,41.09266862500489,29.019860097652515,500,Gym,168,,,,,0.0,,1356777510,0,1
50ded9a9e4b0eb1fdec75bb9,NiÌ‡sbetiÌ‡ye mah,41.0717724,29.021261,Spora Club Kangoo Jump,41.0688,29.0183532,411,Gym,169,,,,,0.0,,1356781993,0,0
50eadb3fe4b06ad5a4a4c691,Arnavutkoy mah,41.0684875,29.041628600000003,benefit spor center,41.069843672821705,29.040761992073836,167,Gym,170,,,,,0.0,,1357568831,1,1
50f9a397e4b03963582e7848,TurkaliÌ‡ mah,41.0476515,29.00161829999999,Lifepoint Beden ve Bilinc Gelisim Merkezi,41.04804015885906,28.99595980088989,477,Yoga Studio,171,,,,,0.0,,1358537623,0,0
50fecb06e4b0c9cf9f939c2c,MuradiÌ‡ye mah,41.04845039999999,28.9987081,work out,41.051972,28.998479,392,Gym,172,,,,,0.0,,1358875398,0,0
5104027be4b06b57c6362139,Balmumcu mah,41.059104600000005,29.014713699999998,Renaissance R Fitness& Spa,41.05926630032458,29.010367944939325,365,Gym / Fitness Center,173,,,,+90 212 340 70 61,8.5,,1359217275,11,100
5106a10de4b0d770d7e3a165,NiÌ‡sbetiÌ‡ye mah,41.0717724,29.021261,Gym Surprise,41.0696157048414,29.017092286870398,424,Gym,174,,,,,0.0,,1359388941,0,0
511158d5e4b05285fa7c5c75,Levent mah,41.0818288,29.018351199999998,Do's Sport Center,41.080196,29.018113,182,Gym / Fitness Center,175,,,,,0.0,,1360091349,0,0
5113f48ce4b0ed2ee11b1c3b,Akat mah,41.085614299999996,29.0256257,ÅžiÅŸli Terakki Fitness,41.08190989262285,29.024023147564026,433,Gym,176,,,,+90 212 351 00 60,7.3,,1360262284,1,14
511514b7e4b0e037747f1068,DiÌ‡kiÌ‡liÌ‡tas mah,41.0557351,29.003801,Pilates E,41.05559915119804,28.996892010474927,580,Yoga Studio,177,,,,,0.0,,1360336055,0,0
511b8f3ee4b0dd11cf7d8297,MeciÌ‡diÌ‡ye mah,41.050939299999996,29.021261,Namik Ekin GYM,41.05101276329887,29.022565342921173,109,Gym,178,,,,,0.0,,1360760638,0,0
511cf78c8aca7e5c55dafb43,NiÌ‡sbetiÌ‡ye mah,41.0717724,29.021261,NEOFÄ°T Personal Training Studio,41.07033014772309,29.026757866718693,488,Gym,179,,,,+90 212 280 33 03,8.6,,1360852876,6,25
511d01678aca7e5c55eebb94,NiÌ‡sbetiÌ‡ye mah,41.0717724,29.021261,NeoFit,41.0700338051079,29.02639389038086,472,Gym / Fitness Center,180,,,,+90 212 280 33 03,0.0,,1360855399,1,1
511d23d6e4b01fa8be7c0cf7,TurkaliÌ‡ mah,41.0476515,29.00161829999999,tesvikiye life point,41.04805186877749,28.99852904779565,263,Gym,181,,,,,0.0,,1360864214,0,0
51220cc8e4b0ed97f8224686,Gayrettepe mah,41.064196200000005,29.006711100000004,TT Fitness Center,41.06463335611078,29.007987144693235,117,Gym,182,,,,,0.0,,1361185992,1,2
5123837fe4b0b01f1dcb3d5f,EtiÌ‡ler mah,41.0870419,29.037264299999997,Le Meridien Spa and Gym,41.08895342186953,29.034477040357174,316,Gym / Fitness Center,183,,,,,7.6,,1361281919,4,26
51290defe4b0edd35464c3ea,SiÌ‡nanpasa mah,41.0418657,29.005111600000003,Kartalistan,41.04409742748156,29.002331681882247,340,Gym,184,,,,,0.0,,1361645039,0,0
512b7253e4b0e22f0cf5d103,DiÌ‡kiÌ‡liÌ‡tas mah,41.0557351,29.003801,Gym,41.05615,29.002571000000003,113,Gym / Fitness Center,185,,,,,0.0,,1361801811,0,0
512c3ff5e4b0ab9563a7277e,TurkaliÌ‡ mah,41.0476515,29.00161829999999,GYM.,41.045312048191455,29.000279749000594,283,Gym / Fitness Center,186,,,,,0.0,,1361854453,0,3
51322df8e4b0bef1867a6bc2,MeciÌ‡diÌ‡ye mah,41.050939299999996,29.021261,FÄ±tness Radisson,41.04753783821064,29.02451468127129,466,Gym,187,,,,,0.0,,1362243064,0,0
513f157ae4b0bb7781ee84c9,Akat mah,41.085614299999996,29.0256257,ÅžiÅŸli Terakki YÃ¼zme Havuzu,41.081889207530715,29.02384246343683,440,Gym Pool,188,http://terakki.org.tr,,,+90 212 351 00 60,0.0,,1363088762,0,1
5141881ce4b018ed8441fb7b,MuradiÌ‡ye mah,41.04845039999999,28.9987081,On 4 On 2 Fitness,41.05197995067629,28.997687794679894,402,Gym,189,,,,,0.0,,1363249180,0,1
5151d427e4b0af5eebaaa3ec,Balmumcu mah,41.059104600000005,29.014713699999998,Renaissance Istanbul Bosphorus Fitness & Spa,41.06031976166975,29.010368629109486,388,Gym / Fitness Center,190,,,,,6.3,,1364317223,7,17
515421b6e4b006679d23754c,SiÌ‡nanpasa mah,41.0418657,29.005111600000003,W Sweat,41.042359999999995,29.002721,208,Gym,191,,,,,0.0,,1364468150,0,0
515468d3e4b0c4ec8b923eaf,EtiÌ‡ler mah,41.0870419,29.037264299999997,pilates based mat with ayÅŸe hoca the best,41.088132,29.033562,333,Gym / Fitness Center,192,,,,,0.0,,1364486355,0,1
515a6bb8e4b09611230885bb,Yildiz mah,41.047149499999996,29.013986300000003,Ã‡iragan Palace Gym,41.04436501676573,29.01655804249443,377,Gym / Fitness Center,193,,,,,0.0,,1364880312,1,0
5162cf02e4b069b26abe0b80,Gayrettepe mah,41.064196200000005,29.006711100000004,Renaissance Bosphorus Hotel Fitness&Spa,41.0627282595924,29.011675872172432,447,Gym,194,,,,,0.0,,1365430018,2,5
51680bd5e4b0d5c0d6803dff,NiÌ‡sbetiÌ‡ye mah,41.0717724,29.021261,Nala Yoga,41.07394799146436,29.01773065549018,382,Yoga Studio,195,,,,,0.0,,1365773269,0,4
51692cc9e4b00b2b2cf1f9fb,Levent mah,41.0818288,29.018351199999998,Ä°brahim GÃ¼rbÃ¼z Pilates,41.08398808999976,29.019253927342742,252,Gym,196,,,,,7.2,,1365847241,2,8
516931b3e4b0640a3e06e773,Kultur mah,41.073201899999994,29.0329,Maya Residences Pilates Studio,41.0768302134407,29.03210720320445,409,Gym,197,,,,,0.0,,1365848499,0,0
51696edfe4b0653e8e0c4332,Kurucesme mah,41.0616299,29.0329,Savoy Neofit spor salonu,41.058962020267565,29.029607976424657,405,Gym,198,,neofitpts,,+90 530 238 75 92,0.0,,1365864159,1,4
51701560e4b068bd5f3ac0c8,SiÌ‡nanpasa mah,41.0418657,29.005111600000003,GÃ¼nerspor Kulubu,41.043845932777046,29.005031551877902,220,Martial Arts Dojo,199,,,,,0.0,,1366300000,1,1
5172f0d9e4b0936903a28681,NiÌ‡sbetiÌ‡ye mah,41.0717724,29.021261,DoÄŸakent Spor Salonu,41.067505990947474,29.02366788718801,516,Gym / Fitness Center,200,,,,,0.0,,1366487257,0,0
517525cee4b09fc9488b2f43,Kurucesme mah,41.0616299,29.0329,Studio E,41.06060733839439,29.03705123310147,366,Gym / Fitness Center,201,,,,,0.0,,1366631886,0,0
5176b4ade4b00ec770ebeea6,TurkaliÌ‡ mah,41.0476515,29.00161829999999,AvÅŸar Fitness Center,41.04450938041925,29.00196790630302,351,Gym,202,,,,,0.0,,1366733997,0,0
517953ce498e1f75c1951d65,MuradiÌ‡ye mah,41.04845039999999,28.9987081,ZEROPOINTSPORT,41.05178763231672,28.996154288335838,428,Gym,203,,cvdtdnmz,,+90 507 692 21 32,8.6,,1366905806,10,30
51795516e4b0b4b4794d4dba,Ortakoy mah,41.053970299999996,29.027080600000005,beÅŸiktaÅŸ karate spor kulÃ¼bÃ¼,41.05662536621094,29.02273750305176,469,Martial Arts Dojo,204,,,,,0.0,,1366906134,2,2
517ace1de4b0713f172be8a6,Ulus mah,41.0632296,29.027080600000005,Nevra's Private Sport Center,41.066676398119135,29.02453173076859,439,Gym,205,,,,,0.0,,1367002653,0,0
517e4f02e4b04f1b74f611a0,CiÌ‡hannuma mah,41.047211100000006,29.007438699999998,Nafiz BaÅŸaran Boks Okulu,41.045385681558756,29.00721983278727,204,Martial Arts Dojo,206,,,,,0.0,,1367232258,0,0
5182622e498e24380cef787c,EtiÌ‡ler mah,41.0870419,29.037264299999997,Superslow Zone - Etiler,41.083693185044076,29.03304805783041,513,Gym / Fitness Center,207,,superslowzonetr,,+90 212 282 86 85,8.4,,1367499310,10,30
51829476498e24380f2e2786,Ulus mah,41.0632296,29.027080600000005,platin pilates,41.06207917447271,29.02966922629008,252,Gym,208,,,,,0.0,,1367512182,0,0
5188a173498e65952c90d36e,Yildiz mah,41.047149499999996,29.013986300000003,Ã‡irgan Palace Fitness Centre,41.044222,29.017226,424,Gym,209,,,,,0.0,,1367908723,0,1
518a720e498e8928a2443553,MeciÌ‡diÌ‡ye mah,41.050939299999996,29.021261,One & OrtakÃ¶y Residence Training Room,41.05363966315998,29.021013770122558,301,Gym Pool,210,,,,,6.9,,1368027662,0,8
5194f376498edb3599e8a601,Ortakoy mah,41.053970299999996,29.027080600000005,Bodai Shin Kenpo Karate dojo,41.058415144630324,29.023349627800666,585,Martial Arts Dojo,211,,,,+90 212 288 79 88,0.0,,1368716150,0,1
5198b846498e459560bb46c1,SiÌ‡nanpasa mah,41.0418657,29.005111600000003,BeÅŸiktaÅŸ Gym Works,41.04470213672555,29.00344527835906,345,Gym / Fitness Center,212,,,,,5.7,,1368963142,1,5
519cca52498e1a978fff9c06,MeciÌ‡diÌ‡ye mah,41.050939299999996,29.021261,Escape Health Club Fitness,41.047600511087225,29.024648021145033,467,Gym,213,,,,,0.0,,1369229906,0,3
51a6e96c498edbcd731ea581,Kultur mah,41.073201899999994,29.0329,N-Fit Training Center,41.0712982944034,29.030125622006693,314,Gym / Fitness Center,214,,,,,0.0,,1369893228,0,3
51c088c5498e9608db7e7d75,Yildiz mah,41.047149499999996,29.013986300000003,Cihangir Sports Center Studio 2 - Crunch,41.044571887750756,29.01252841600522,311,Gym,215,,,,,0.0,,1371572421,0,0
51cd60d6498eb94de1ff418f,EtiÌ‡ler mah,41.0870419,29.037264299999997,Ä°nternational Lab's,41.08763105329182,29.037085329305352,67,Yoga Studio,216,,,,,0.0,,1372414166,0,0
51dadf47498ef6df3cbf320a,Akat mah,41.085614299999996,29.0256257,Athletics,41.08580119844425,29.026032079110266,39,Gym / Fitness Center,217,,,,,0.0,,1373298503,0,1
51de8d39498e7993b16cfb40,Akat mah,41.085614299999996,29.0256257,Athletic's,41.085794505301976,29.026145741265417,48,Gym / Fitness Center,218,,,,,0.0,,1373539641,0,0
51e50596498eb4224a284771,Kurucesme mah,41.0616299,29.0329,Kurucesme Santiye,41.05945878408672,29.03530095110663,314,Gym / Fitness Center,219,,,,,0.0,,1373963670,0,0
520baa1711d2aa319be8a9c2,MuradiÌ‡ye mah,41.04845039999999,28.9987081,Amerikan Hastanesi Spor Salonu,41.052673354601495,28.995611663768358,537,Gym / Fitness Center,220,,,,,7.5,,1376496151,1,13
521b932111d2fceeecfe55db,Levent mah,41.0818288,29.018351199999998,Fitintime,41.07929646348374,29.013723313152084,479,Gym / Fitness Center,221,http://www.fitintime.com.tr,fitintime,,+90 262 324 24 45,0.0,,1377538849,1,4
5221b1c411d2e7bc4ae66ec2,Akat mah,41.085614299999996,29.0256257,Studio Gaye,41.08931040207988,29.02230959698506,496,Gym,222,http://studiogaye.com,studiogaye,,+90 212 351 32 08,0.0,,1377939908,0,0
522ae32411d2e5c367338ee5,Levazim mah,41.06331369999999,29.018351199999998,Balmumcu Orduevi Spor Salonu,41.06295281229885,29.014489248868657,326,Gym,223,,,,,0.0,,1378542372,0,1
5230240911d27365df7b0ac7,CiÌ‡hannuma mah,41.047211100000006,29.007438699999998,Studiomajere Pilates,41.046390033306814,29.00123466853749,528,Yoga Studio,224,,,,,0.0,,1378886665,0,1
5235e80111d2bfb623a2eeb7,EtiÌ‡ler mah,41.0870419,29.037264299999997,Bodyline - Art,41.08788228638725,29.035490491217736,175,Gym,225,,,,+90 212 263 23 00,7.6,,1379264513,1,9
5237f28711d29faa8b127dd5,Akat mah,41.085614299999996,29.0256257,StÃ¼dyo 3,41.087025,29.030656,450,Gym / Fitness Center,226,,,,,0.0,,1379398279,0,0
523dd0d711d20523cc923a0b,DiÌ‡kiÌ‡liÌ‡tas mah,41.0557351,29.003801,Jazz Gym,41.055323755394454,28.9985063112854,446,Gym,227,,,,,0.0,,1379782871,0,1
52498bbf498eda4a0ebcb0cd,CiÌ‡hannuma mah,41.047211100000006,29.007438699999998,TeÅŸvikiye Spor KulubÃ¼,41.047358,29.006613,71,Gym,228,,,,,0.0,,1380551615,0,0
524c1be0498e0ba581dd3f30,Balmumcu mah,41.059104600000005,29.014713699999998,B-fit Balmumcu,41.054972868583015,29.017257106568685,507,Gym,229,,,,+90 212 212 46 00,0.0,,1380719584,0,1
525353e793cdbe93df150916,DiÌ‡kiÌ‡liÌ‡tas mah,41.0557351,29.003801,CrossFit Coach Studio,41.059467895956686,29.007274812393995,507,Gym / Fitness Center,230,http://www.crossfitcoach.org,cfcoach_murat,,+90 532 473 62 83,0.0,Functional Fitness Studio,1381192679,1,6
5257fae011d27f1ad212bbda,Levent mah,41.0818288,29.018351199999998,Fit Ä°n Time,41.079488592273826,29.014012219608016,447,Gym,231,http://www.fitintime.com,,,+90 212 280 11 44,7.0,,1381497568,1,7
52663d7a11d2f992c192ea3b,Kurucesme mah,41.0616299,29.0329,NuYu Gym,41.059484160250285,29.035374831681928,316,Gym,232,,,,,8.0,,1382432122,7,21
526d1b25498e3511145e5374,Gayrettepe mah,41.064196200000005,29.006711100000004,Flexy Pilates & Yoga,41.06535843355244,29.009614483060588,275,Yoga Studio,233,,,,,8.7,,1382882085,3,17
5279606811d2f277d1bb7b4a,Kurucesme mah,41.0616299,29.0329,KuruÃ§eÅŸme Muscle,41.06268514564531,29.036261335586694,305,Gym,234,,,,,0.0,,1383686248,0,1
5282706e498e7c1a6017704b,Balmumcu mah,41.059104600000005,29.014713699999998,YÄ±ldÄ±z Deniz Subay LojmanlarÄ± Fitness Salonu,41.056008793493525,29.01036500930786,502,Gym,235,,sadikerdem,,,0.0,,1384280174,0,0
528b2ff811d25de53d85f877,ViÌ‡snezade mah,41.0415031,28.9987081,Swissotel gym,41.04294690458238,28.99778593510957,178,Gym / Fitness Center,236,,,,,0.0,,1384853496,0,1
528b5a1c11d280cd4e95abb2,SiÌ‡nanpasa mah,41.0418657,29.005111600000003,SekYek FitnÄ±s salon,41.047358891579606,29.002922815364165,638,Gym / Fitness Center,237,,,,,0.0,,1384864284,0,3
5290bdb5498ec7be1abf7e10,ViÌ‡snezade mah,41.0415031,28.9987081,Studio-in,41.044900399239886,29.00020289268829,398,Gym,238,,,,,7.3,,1385217461,0,7
52948a1611d2fcb09f2ecbf5,Levent mah,41.0818288,29.018351199999998,TSYD FÄ°TNESS,41.08106693881784,29.020582294027754,205,Gym,239,,,,,0.0,,1385466390,0,2
5295eb2411d2458da94e1a4c,EtiÌ‡ler mah,41.0870419,29.037264299999997,Oxygen Fitness Etiler,41.08599940006514,29.04323168110351,513,Gym / Fitness Center,240,,,,,8.6,,1385556772,2,40
5295fef111d224489e28d1d5,EtiÌ‡ler mah,41.0870419,29.037264299999997,Oxygen Fitness Etiler,41.087536114545394,29.043279347027504,507,Gym,241,,,,,0.0,,1385561841,0,1
5297299111d2b1ded98fd03e,NiÌ‡sbetiÌ‡ye mah,41.0717724,29.021261,Evolution Pilates,41.07471852897334,29.02431577032945,416,Gym,242,,,,,0.0,,1385638289,0,0
529d2cde11d2f5ed6fd3d4e8,Akat mah,41.085614299999996,29.0256257,Club Sporium Kickboxing,41.08674876968485,29.023878165349593,193,Martial Arts Dojo,243,,,,,0.0,,1386032350,0,1
529e0e3611d218ae6db58809,Levazim mah,41.06331369999999,29.018351199999998,Silkar Fitness Club,41.06548824233722,29.01756969516572,250,Gym,244,,,,,0.0,,1386090038,0,1
529ee5c0498e681e85af294b,NiÌ‡sbetiÌ‡ye mah,41.0717724,29.021261,Evrim Pilates,41.07474383458096,29.02440624641245,423,Gym / Fitness Center,245,,,,,0.0,,1386145216,0,4
52a0acc711d2b0aa236d1ecc,Yildiz mah,41.047149499999996,29.013986300000003,4u Body&Fitness Center,41.04798930575048,29.010936997024842,272,Gym,246,,,,,0.0,,1386261703,0,0
52a304f011d22e4bc65549b6,Bebek mah,41.077743700000006,29.041628600000003,Mustafa HaÅŸhaÅŸ Kick Boks ve VÃ¼cut GeliÅŸtirme,41.08126397949186,29.035931736857997,618,Martial Arts Dojo,247,,,,,0.0,,1386415344,0,0
52c58a5e498ed45de5eba49a,SiÌ‡nanpasa mah,41.0418657,29.005111600000003,Fitness Conrad,41.04306249948507,29.006611664334265,183,Gym,248,,,,,0.0,,1388677726,0,0
52c74047498e827a0eb93362,DiÌ‡kiÌ‡liÌ‡tas mah,41.0557351,29.003801,cardiozzy personal training studio,41.05791492045531,29.00030012218237,381,Gym,249,,ptozzy,,,0.0,,1388789831,5,6
52c7c2a111d267f082689cd8,EtiÌ‡ler mah,41.0870419,29.037264299999997,Ume Yoga,41.084436,29.035505,325,Yoga Studio,250,,,,,0.0,,1388823201,0,1
52d14b6b498e867eeb65c76f,Kurucesme mah,41.0616299,29.0329,Kurucesme Planet GYM,41.05800164122511,29.03599992974016,480,Gym,251,,,,,0.0,,1389448043,0,3
52dea56f498ef6139e3526a9,SiÌ‡nanpasa mah,41.0418657,29.005111600000003,Well Gym,41.04386422781461,29.00728623540557,287,Gym,252,,,,,0.0,,1390323055,0,3
52e0c055498e1165b00cd382,Levent mah,41.0818288,29.018351199999998,My Gym Etiler,41.078801453022905,29.02137754152188,421,Gym,253,,,,,0.0,,1390461013,0,1
52f12269498ea21cecc8e723,Balmumcu mah,41.059104600000005,29.014713699999998,the one terrace spinning studio,41.05704490859008,29.010038974755545,454,Gym,254,,,,,0.0,,1391534697,0,0
52f8e17d498ed2dbf5a98b18,ViÌ‡snezade mah,41.0415031,28.9987081,GÃ¼neÅŸ VÃ¼cut GeliÅŸtirme & Fitness,41.04548490063846,28.99534021944647,525,Gym / Fitness Center,255,,,,,0.0,,1392042365,0,0
52fd4580498edb0967fb44a2,Levent mah,41.0818288,29.018351199999998,WTF personal coaching,41.08511515192639,29.01591414380784,419,Gym,256,,,,+90 212 265 44 14,7.5,,1392330112,3,28
52fe69c6498eee8cee3819e9,Konaklar mah,41.0934402,29.013986300000003,Yenilevent Lojmanlari Spor Salonu,41.09533666552368,29.015438860578517,243,Gym,257,,,,,0.0,,1392404934,0,0
5302448d11d2964d7be0d94d,MeciÌ‡diÌ‡ye mah,41.050939299999996,29.021261,Broos Plates StudÄ±o,41.050983690007854,29.024185057284388,245,Gym,258,,,,,0.0,,1392657549,0,0
53078249498e6d68e8277ee7,DiÌ‡kiÌ‡liÌ‡tas mah,41.0557351,29.003801,sanli 1 fitness club,41.05828857421875,29.006444931030273,360,Gym,259,,,,,0.0,,1393001033,0,0
531f339b498ed8f1b640e8cb,CiÌ‡hannuma mah,41.047211100000006,29.007438699999998,Gym It,41.051177238764964,29.009686584836746,480,Gym,260,,,,,0.0,,1394553755,0,0
53203b2e498ed7e8575c60e3,Bebek mah,41.077743700000006,29.041628600000003,ðŸ’•Body ZoneðŸ’•,41.079290450967505,29.03456218971705,617,Gym,261,,,,,0.0,,1394621230,0,2
5326fc13498e3687cf7ce4eb,ViÌ‡snezade mah,41.0415031,28.9987081,Sport HOUSE MaÃ§ka,41.044829130661434,28.99882462212339,370,Gym,262,,,,,0.0,,1395063827,0,3
53275061498e22824f0cc598,ViÌ‡snezade mah,41.0415031,28.9987081,Ã‡Ä±raÄŸan Palace Health Club,41.04373568807778,29.001552973733066,344,Gym,263,,,,+90 212 258 33 77,0.0,,1395085409,0,2
53351c45498e08768862842a,Gayrettepe mah,41.064196200000005,29.006711100000004,Dedeman Istanbul LifeStyle,41.063084705792505,29.011243914825176,400,Gym / Fitness Center,264,,,,,0.0,,1395989573,0,1
53355620498e1087fbf232af,EtiÌ‡ler mah,41.0870419,29.037264299999997,Etiler Pilates Studio,41.08758173835685,29.034636066016322,228,Gym,265,,,,+90 212 351 91 91,0.0,,1396004384,0,2
53371f35498e795a6764c9da,MuradiÌ‡ye mah,41.04845039999999,28.9987081,Dunlop Sonic,41.048606872558594,28.997941970825195,66,Gymnastics Gym,266,,,,,0.0,,1396121397,0,0
533a9771498e2a68364f7a3e,DiÌ‡kiÌ‡liÌ‡tas mah,41.0557351,29.003801,Fitintime,41.052197847796016,29.00700299326976,476,Gym / Fitness Center,267,http://www.fitintime.com.tr,fitintime,,+90 212 327 55 00,8.1,,1396348785,1,20
53565307498ee8ea15e83730,CiÌ‡hannuma mah,41.047211100000006,29.007438699999998,larespark hotel power plate,41.0450439453125,29.007648468017575,241,Gym / Fitness Center,268,,,,,0.0,,1398166279,0,1
5356a2ce498e62ac700e20f4,DiÌ‡kiÌ‡liÌ‡tas mah,41.0557351,29.003801,jazzy gym,41.056050347860214,28.998085685240003,481,Gymnastics Gym,269,,,,,0.0,,1398186702,0,0
535bfe99498e1b6703b86650,Gayrettepe mah,41.064196200000005,29.006711100000004,DoubleTree Istanbul Esentepe Spa & Fitness Center,41.06813191213993,29.004444953969053,477,Gym / Fitness Center,270,,,,,0.0,,1398537881,1,3
53608edf498e2c6f818bc9d4,DiÌ‡kiÌ‡liÌ‡tas mah,41.0557351,29.003801,AcÄ±badem Sports,41.05442102145489,28.99943369206665,394,Gym / Fitness Center,271,http://www.acibademsports.com,,,+90 212 261 42 42,8.6,,1398836959,41,479
53634de9498ee61c4d1c0286,MeciÌ‡diÌ‡ye mah,41.050939299999996,29.021261,Princess Hotel Fitness & Health Club,41.049383,29.026531,475,Gym,272,,,,,0.0,,1399016937,0,1
5371e7a4498edb312fb48206,Ortakoy mah,41.053970299999996,29.027080600000005,skytrainingstudio,41.056756,29.022792,475,Gym,273,,,,,0.0,,1399973796,0,1
5371e85f498eef29524e356f,Ortakoy mah,41.053970299999996,29.027080600000005,SKYtrainingstudio,41.05657198310903,29.022713107045533,467,Gym,274,,,,,0.0,,1399973983,1,3
53836a36498e1b7adfcbabf6,MuradiÌ‡ye mah,41.04845039999999,28.9987081,NiÅŸantaÅŸÄ± Life & Spa Center,41.05200805736564,28.99587375734002,462,Gym / Fitness Center,275,,lifespacenter,,+90 212 219 82 81,8.1,AmacÄ± saÄŸlÄ±klÄ± yaÅŸam olan herkesin rahatlÄ±kla istediÄŸini yapabileceÄŸi bir spor salonu,1401121334,6,14
53960b62498e7b5d5ba4c69c,DiÌ‡kiÌ‡liÌ‡tas mah,41.0557351,29.003801,Personel Trainer Fulya,41.058603999999995,29.005201,340,Gym / Fitness Center,276,,,,,0.0,,1402342242,0,0
53ad4552498ec970f3c6da92,Akat mah,41.085614299999996,29.0256257,Gym,41.08392808360409,29.02320754750389,276,Gym,277,,,,,0.0,,1403864402,0,1
53b1892c498e1ac3c13602e5,MuradiÌ‡ye mah,41.04845039999999,28.9987081,Zin Pilatesâ€¢Yogaâ€¢25DK,41.05070675276621,28.998331335203414,253,Gym,278,,zinpilates,,+90 212 259 24 24,8.9,,1404143916,10,42
53b53453498ec20e7df14927,TurkaliÌ‡ mah,41.0476515,29.00161829999999,TUNC FITNESS CLUB,41.046376600035245,29.000280938002984,180,Gym / Fitness Center,279,http://www.tuncclub.com,,,+90 212 259 22 99,6.6,,1404384339,7,31
53c106c6498eb5bf28eff4c6,NiÌ‡sbetiÌ‡ye mah,41.0717724,29.021261,Urban Health Pilates Ulus,41.07152030675617,29.026664381980385,454,Gym,280,,,,+90 212 284 77 96,8.3,,1405159110,0,16
53db93b0498e4accb65ee950,Gayrettepe mah,41.064196200000005,29.006711100000004,Tulipa Spa&Wellness Fitnes Center,41.06808541143696,29.004346172414962,476,Gym / Fitness Center,281,,,,,0.0,,1406899120,0,6
53f878f0498e71a1e0e306f4,Kurucesme mah,41.0616299,29.0329,NeoFit,41.059024,29.029642,398,Gym,282,,,,,0.0,,1408792816,0,0
53fc638a498e41f50c3f4f6f,Gayrettepe mah,41.064196200000005,29.006711100000004,beauty fit,41.06770324707031,29.002471923828125,528,Yoga Studio,283,,,,,0.0,,1409049482,0,0
53ff4ada498e05edf9f65d30,Levent mah,41.0818288,29.018351199999998,Masc Pilates ( Management of Anatomy Sports Culture,41.084846,29.0132,547,Gym,284,,,,+90 212 279 77 76,0.0,,1409239770,1,0
5406e760498e57a3720dfc31,TurkaliÌ‡ mah,41.0476515,29.00161829999999,TunÃ§ Fitness Club,41.04650915318073,29.00026269681216,170,Gym / Fitness Center,285,,,,,0.0,,1409738592,0,0
5419b56f498e3c60277d0cc9,MeciÌ‡diÌ‡ye mah,41.050939299999996,29.021261,GO.MAX,41.05465328356815,29.02036461290857,420,Gym / Fitness Center,286,,gomaxturkiye,,+90 212 216 62 94,0.0,,1410970991,0,1
54202045498e2005467c3d08,DiÌ‡kiÌ‡liÌ‡tas mah,41.0557351,29.003801,MACFit,41.056831201705144,28.99910729631535,412,Gym / Fitness Center,287,http://www.macfit.com.tr,macfitofficial,,,8.1,,1411391557,60,439
542568b5498ea0cf9eb1d45b,Kultur mah,41.073201899999994,29.0329,D's Pilates,41.07231753850873,29.028890656729377,350,Gym / Fitness Center,288,,,,,0.0,,1411737781,0,0
5436cd20498ec3759075b4d6,TurkaliÌ‡ mah,41.0476515,29.00161829999999,Nuvola Fitness Center,41.045425,29.003576000000002,297,Gym,289,,,,,0.0,,1412877600,0,0
544265db498e1428318ad3d0,TurkaliÌ‡ mah,41.0476515,29.00161829999999,GYM Puella Spor,41.04499435424805,29.00266075134277,308,Gym,290,,,,,0.0,,1413637595,0,0
5443ba5c498e6255f1454099,DiÌ‡kiÌ‡liÌ‡tas mah,41.0557351,29.003801,Gymworks DikilitaÅŸ,41.05378724268954,29.002597427635013,239,Gym,291,,,,+90 212 258 90 00,6.2,,1413724764,1,16
5444b0b3498edf77db02b1d9,Gayrettepe mah,41.064196200000005,29.006711100000004,Multifit,41.06365189486539,28.999890219920893,575,Gym,292,,,,,0.0,,1413787827,0,5
5457b2b9498eb97a8cc58140,Levent mah,41.0818288,29.018351199999998,ibm fitness center,41.08090097948461,29.01130643504269,600,Gym / Fitness Center,293,,,,,0.0,,1415033529,0,0
5458b39a498e5bf7dc951c6f,Bebek mah,41.077743700000006,29.041628600000003,WeMo - Wellness In Motion,41.079066074487116,29.045057949828056,323,Gym / Fitness Center,294,,,,+90 212 358 26 26,0.0,,1415099290,0,1
545bd48f498e3c9303fbd173,CiÌ‡hannuma mah,41.047211100000006,29.007438699999998,Ä°stanbul Pilates&Yoga Studio,41.044290647220066,29.0090394006284,351,Gym,295,,,,+90 212 236 41 76,0.0,,1415304335,1,5
5469bdc5498e75af095b4aad,MeciÌ‡diÌ‡ye mah,41.050939299999996,29.021261,GO.MAX Fitness Technology (ortakÃ¶y) one&residance,41.05478096019458,29.020171778812614,437,Gym / Fitness Center,296,,,,+90 212 216 62 94,0.0,,1416216005,0,2
5475f9cb498e323e46be2ad7,Ortakoy mah,41.053970299999996,29.027080600000005,UPAQUA OrtakÃ¶y,41.05663526858179,29.02234369646784,496,Gym / Fitness Center,297,http://www.upaqua.com,upaquasocial,,+90 212 282 67 20,0.0,"UPAQUAÂ®, First Private Aqua Cycling Centre in Turkey!
Butik merkezimizde, Avrupa'da kendini kanÄ±tlamÄ±ÅŸ bireysel Aqua Cycling deneyimi sunuyoruz.",1417017803,1,1
547b652b498ef97a10a547be,Ulus mah,41.0632296,29.027080600000005,MACFit,41.05877175922723,29.02417934384095,552,Gym / Fitness Center,298,http://www.macfit.com.tr,macfitofficial,,,7.9,,1417372971,51,548
547c3c4c498e61d2bc9854fd,Kurucesme mah,41.0616299,29.0329,SmashFitPeople,41.06174477540034,29.035627341885014,229,Gym,299,,smashfitpeople,,,8.3,,1417428044,3,11
5481e027498eb80c2a52d8f7,NiÌ‡sbetiÌ‡ye mah,41.0717724,29.021261,double h plates,41.07484328078096,29.02032248927865,350,Gymnastics Gym,300,,,,,6.7,,1417797671,1,8
5482f762498ee5d2bdbc32dc,NiÌ‡sbetiÌ‡ye mah,41.0717724,29.021261,Garanti BankasÄ± Fitness center,41.072719308091976,29.0170831783007,366,Gym / Fitness Center,301,,,,,8.5,,1417869154,4,17
5486cb50498ec850ace8ab3e,DiÌ‡kiÌ‡liÌ‡tas mah,41.0557351,29.003801,MK Pilates Studios & Academy,41.05359146865981,29.005926237288843,297,Gym / Fitness Center,302,,,,+90 212 260 74 47,8.1,,1418120016,1,11
5489a5fb498ed979671d0b5f,Bebek mah,41.077743700000006,29.041628600000003,Baps Pilates Bebek,41.07709989677083,29.04283043123197,123,Gym / Fitness Center,303,,,,+90 212 263 75 07,0.0,,1418307067,0,2
549555a3498e349305bab512,Bebek mah,41.077743700000006,29.041628600000003,Fitintime,41.07742351634799,29.04244982010511,77,Gym / Fitness Center,304,http://www.fitintime.com.tr,fitintime,,+90 212 257 02 22,0.0,,1419072931,0,6
549ae935498ee55ba0f00875,Gayrettepe mah,41.064196200000005,29.006711100000004,Aura Spa & Wellness,41.0650719695912,29.003124139837965,316,Gym,305,,,,,6.1,,1419438389,7,22
549d4fee498e739daab8bd09,Akat mah,41.085614299999996,29.0256257,Etiler Pilates Studio,41.081390380859375,29.028188705444336,517,Gymnastics Gym,306,,,,,0.0,,1419595758,0,0
549d5088498e9fa6cea53b68,Gayrettepe mah,41.064196200000005,29.006711100000004,Etiler Pilatestudio,41.06840117589995,29.007310773657625,470,Gym,307,,,,,0.0,,1419595912,0,1
54a7a1a2498e5c3b360fb518,DiÌ‡kiÌ‡liÌ‡tas mah,41.0557351,29.003801,AcÄ±badem Cycle Studio,41.054419757560154,28.9994597260511,392,Cycle Studio,308,,,,,0.0,,1420272034,1,5
54bc1cbf498ec3ed3db178e8,MuradiÌ‡ye mah,41.04845039999999,28.9987081,Gym & Tonic,41.04863720937523,28.99366350796843,424,Gym / Fitness Center,309,,,,,9.2,,1421614271,6,27
54be3478498e312c6e05bc7a,Levent mah,41.0818288,29.018351199999998,basi pilates,41.083157821539295,29.01417482056528,380,Gym / Fitness Center,310,,,,,0.0,,1421751416,0,2
54c375c6498ec42c9594f9ef,Bebek mah,41.077743700000006,29.041628600000003,Pilates Akademi Bebek,41.079103785681006,29.045080155515862,326,Gym / Fitness Center,311,,,,,0.0,,1422095814,3,5
54c7a74b498efcff073086b5,NiÌ‡sbetiÌ‡ye mah,41.0717724,29.021261,GO.MAX Jatomi Bellevue,41.07013196730371,29.018092569214662,322,Gym / Fitness Center,312,,gomaxturkiye,,+90 532 550 17 65,0.0,,1422370635,1,2
54da07bc498ea092a7ad3101,Arnavutkoy mah,41.0684875,29.041628600000003,Hotel Les Ottomans,41.06728615967567,29.04321115737124,188,Gym / Fitness Center,313,,,,,0.0,,1423574972,0,0
54dde371498ee52f038cb2ec,TurkaliÌ‡ mah,41.0476515,29.00161829999999,Terrace Fulya The One,41.051475806512386,28.999148616404835,473,Gym / Fitness Center,314,,,,,0.0,,1423827825,0,1
54f1c626498ef860b7448d20,CiÌ‡hannuma mah,41.047211100000006,29.007438699999998,Allso Spor OkullarÄ±,41.04751528646154,29.009866913164807,206,Gym,315,http://www.allso.academy,allsoacademy,,+90 533 063 68 40,8.2,,1425131046,1,9
550aad86498e503007accba6,Kultur mah,41.073201899999994,29.0329,Juice Bar,41.077357033718094,29.033198313177145,463,Gym,316,,,,,0.0,,1426763142,0,1
550ab6dd498ef4e6a6885817,NiÌ‡sbetiÌ‡ye mah,41.0717724,29.021261,Pilates Mafia,41.074816,29.024445,431,Gym,317,,,,,0.0,,1426765533,0,0
55119bd2498ef1b309ae8340,Abbasaga mah,41.0480102,29.004528499999996,Bloom Pilates,41.050515618779066,29.006981080601737,346,Gym,318,,,,+90 212 236 20 16,8.4,,1427217362,2,13
5512d588498e5b9699c05d68,Levazim mah,41.06331369999999,29.018351199999998,Zorlu Center Residence Fitness,41.06673483318878,29.015686576027303,441,Gym / Fitness Center,319,,,,,8.2,,1427297672,1,10
5530f9ea498e8463265b3caf,Levent mah,41.0818288,29.018351199999998,E-Fit Studio,41.08526176035408,29.019848730975166,402,Gym,320,,,,,0.0,,1429273066,0,0
55449821498ee15ea4aafada,DiÌ‡kiÌ‡liÌ‡tas mah,41.0557351,29.003801,Gym,41.052080534873646,29.006924274587174,483,Gym,321,,,,,0.0,,1430558753,0,0
5548bc68498e577bfea4bda1,MuradiÌ‡ye mah,41.04845039999999,28.9987081,Nefesin,41.046899774282174,28.994231787710362,413,Yoga Studio,322,,,,,0.0,,1430830184,0,0
554a25d6498eca79567f6726,Levent mah,41.0818288,29.018351199999998,E Fit Studio Akatlar,41.085714352888,29.020006254491033,454,Gym,323,http://www.efit.com.tr,efitstudio,,,8.3,,1430922710,2,18
554a5f24498e47944b221224,ViÌ‡snezade mah,41.0415031,28.9987081,Tommy's Homie Gym,41.044743,29.00098,407,Gym,324,,,,,0.0,,1430937380,0,0
554ca48f498eb0c13b64ad58,Bebek mah,41.077743700000006,29.041628600000003,Soul Train,41.078781790502426,29.04519547311641,320,Gym,325,,,,+90 212 263 23 77,7.8,,1431086223,3,6
55523081498e5a1152b8034b,Abbasaga mah,41.0480102,29.004528499999996,Cell,41.048952694667065,29.00382087919229,120,Gym,326,,,,,0.0,,1431449729,0,0
555cad66498e02e9b83ebd76,Gayrettepe mah,41.064196200000005,29.006711100000004,PT,41.063775,29.000384000000004,533,Gym,327,,,,,0.0,,1432137062,0,0
556c08f4498e40bf38d3c260,Levent mah,41.0818288,29.018351199999998,GRBZ Pilates,41.08399899582752,29.019427922378306,257,Gym / Fitness Center,328,,,,,7.2,,1433143540,4,13
55829ffc498e3b830b3e3787,DiÌ‡kiÌ‡liÌ‡tas mah,41.0557351,29.003801,Kalindi Yoga,41.056232913007854,28.998778105574843,425,Yoga Studio,329,,,,,0.0,,1434623996,0,2
5583fde3498e1bf4ecfc5691,NiÌ‡sbetiÌ‡ye mah,41.0717724,29.021261,Mete Sports Personal Training,41.07408714070205,29.02167781186852,260,Gym,330,,,,,0.0,,1434713571,2,5
55a0f260498eb3b28cd43caa,NiÌ‡sbetiÌ‡ye mah,41.0717724,29.021261,RunningAcademy Performans Ã–lÃ§Ã¼m Merkezi,41.069941201949305,29.01803005175905,339,Gym / Fitness Center,331,,,,,0.0,,1436611168,1,1
55a37df6498e3ac249b02523,Levent mah,41.0818288,29.018351199999998,BASI Pilates Levent,41.08295483288792,29.01396210973678,389,Gym,332,http://www.bodynetworx.com,basipilatestr,,+90 212 269 33 69,8.0,,1436777974,3,16
55c1056b498e2023eea1d74f,NiÌ‡sbetiÌ‡ye mah,41.0717724,29.021261,Zincirlikuyu Jandarma lojmanlarÄ± Spor Salonu,41.071967,29.017056,353,Gym,333,,,,,0.0,,1438713195,0,0
55c55f83498e372c864c99c4,Kultur mah,41.073201899999994,29.0329,salasboxingfightclup,41.072131060956075,29.0282371098852,409,Gym / Fitness Center,334,,,,,0.0,,1438998403,0,0
55cc1ba5498e0c495fef7281,Kultur mah,41.073201899999994,29.0329,MyPT&lifecoach(ETÄ°LER) Training Studio,41.07531040082714,29.028560815247122,433,Gym,335,,,,,0.0,,1439439781,0,2
55cf35c7498ecd354058f625,DiÌ‡kiÌ‡liÌ‡tas mah,41.0557351,29.003801,MAC Fit Fulya,41.05672224024797,28.999106928634248,409,Gym,336,,,,,6.9,,1439643079,2,8
55dc0bd7498e6f255910860e,Ulus mah,41.0632296,29.027080600000005,MyPTulusPLATÄ°Nsitesi,41.062079,29.0296,247,Gym,337,,,,,0.0,,1440484311,0,0
55e72651498eba4e1886b65e,ViÌ‡snezade mah,41.0415031,28.9987081,Pilafit,41.042571147913534,28.99995007302273,158,Gym / Fitness Center,338,,,,,0.0,,1441211985,0,0
55e85c05498e7a0888906b7a,Bebek mah,41.077743700000006,29.041628600000003,Xbody Bebek,41.079128999999995,29.04506,326,Gym,339,,,,,0.0,,1441291269,0,0
55f6e813498eccb3370ea720,EtiÌ‡ler mah,41.0870419,29.037264299999997,Fitness Center @ Le Meridien Etiler,41.088972999999996,29.03442,321,Gym / Fitness Center,340,,,,,0.0,,1442244627,0,1
56094f0e498e9b2a6beaccb1,Gayrettepe mah,41.064196200000005,29.006711100000004,ROM Pilates,41.06868260372347,29.00871781797975,527,Gym,341,,,,,8.0,,1443450638,2,9
560a9b76498e54da64565377,Bebek mah,41.077743700000006,29.041628600000003,Urban Legend,41.075618179838564,29.037664963609878,408,Gym,342,,,,,0.0,,1443535734,0,2
561d37e1498ed6b44b224ae1,Kultur mah,41.073201899999994,29.0329,SalasBoxing,41.071867501965954,29.028225743828482,419,Boxing Gym,343,,,,,0.0,,1444755425,0,0
561fdbd5498efb955d84f23b,Kurucesme mah,41.0616299,29.0329,Les Ottomans GYM,41.058897330290435,29.03589195765312,394,Gym / Fitness Center,344,,,,,0.0,,1444928469,0,1
5629069f498e8a8e6dc9163b,Gayrettepe mah,41.064196200000005,29.006711100000004,Fibabanka Fitness Center,41.068565501911735,29.006827649667763,486,Gym,345,,,,,0.0,,1445529247,0,1
562a4ae7498e076d6c5c3e58,Gayrettepe mah,41.064196200000005,29.006711100000004,Foto SÃ¼mer,41.06936580028452,29.006975428931685,575,Yoga Studio,346,,,,,0.0,,1445612263,1,0
562f272f498e5cf3d9f7884d,TurkaliÌ‡ mah,41.0476515,29.00161829999999,Nuvola Fitness&Sauna,41.045555114746094,29.003528594970703,283,Gym,347,,,,,0.0,,1445930799,0,0
5634dc47498ec143085e7432,Gayrettepe mah,41.064196200000005,29.006711100000004,fit ozzy fitnessss,41.061826,29.009251000000003,339,Gym,348,,,,,0.0,,1446304839,0,0
56463f5c498eb572f4b3c19f,Kultur mah,41.073201899999994,29.0329,Salas Boxing & Fight Club,41.071987,29.028285999999998,410,Martial Arts Dojo,349,,,,,0.0,,1447444316,0,0
5646db2f498e8cd9555f80e0,CiÌ‡hannuma mah,41.047211100000006,29.007438699999998,Allso Academy,41.04756681634763,29.00991414373693,211,Gym,350,,,,,0.0,,1447484207,1,3
5658b0d5498e1bd861aea257,Ulus mah,41.0632296,29.027080600000005,goflaz's rehabilitation center,41.064851058556215,29.027850663484138,191,Gym / Fitness Center,351,,,,,0.0,,1448653013,0,0
565acc2c498e511a2af50c30,MuradiÌ‡ye mah,41.04845039999999,28.9987081,Life Style Spa & Fitness MaÃ§ka,41.046172265386,28.998270224173023,256,Gym / Fitness Center,352,,,,,8.7,,1448791084,1,32
565c6337498ee888639ffd72,Akat mah,41.085614299999996,29.0256257,Nefes Pilates,41.082693410039305,29.025319369654213,326,Pilates Studio,353,,,,,8.6,,1448895287,1,10
5674358b498e1445a9032100,Gayrettepe mah,41.064196200000005,29.006711100000004,Studyo Yesil,41.06548367271203,29.007103734076907,147,Yoga Studio,354,,,,,0.0,,1450456459,0,3
56745517498e116032d3bd40,MuradiÌ‡ye mah,41.04845039999999,28.9987081,Istanbul Defence Academy,41.04809840726492,28.99330524634398,455,Martial Arts Dojo,355,,,,,8.4,,1450464535,1,13
56753add498e68008285ea0f,SiÌ‡nanpasa mah,41.0418657,29.005111600000003,Semiha GenÃ§ Pilates Yoga Studio BeÅŸiktaÅŸ,41.04736810429959,29.003712884452284,623,Yoga Studio,356,,,,+90 212 266 73 66,0.0,,1450523357,0,0
5678165d498e5f7d9db58ef4,Levent mah,41.0818288,29.018351199999998,Etiler PÄ±rÄ±l GÃ¼zellik Merkezi,41.084615,29.020507000000002,359,Gym / Fitness Center,357,,,,,0.0,,1450710621,0,0
56812a2b498e029dabf79fe9,DiÌ‡kiÌ‡liÌ‡tas mah,41.0557351,29.003801,MartÄ± Ä°stanbul Otel Spa,41.055502830778416,28.99930208714627,378,Gym,358,,,,,0.0,,1451305515,0,0
5687ee70498e219351b887cf,DiÌ‡kiÌ‡liÌ‡tas mah,41.0557351,29.003801,Sinerji Pilates,41.05746430677754,29.006486620055156,296,Gym,359,,,,,0.0,,1451748976,0,0
568bbbfc498e509369db945a,Kurucesme mah,41.0616299,29.0329,FitnessFactory,41.06175611098984,29.035654218550253,231,Gym,360,,,,,8.4,,1451998204,0,10
568c3da4498e619efad0b766,MuradiÌ‡ye mah,41.04845039999999,28.9987081,Fitintime NiÅŸantaÅŸÄ±,41.048460870403225,28.993516772832717,435,Gym,361,,,,+90 212 232 12 48,0.0,,1452031396,0,7
5694b60c498e0529f37de5e3,Levazim mah,41.06331369999999,29.018351199999998,Fit 2 Move,41.06009265374626,29.021972598928798,470,Gym,362,,,,,8.3,,1452586508,2,10
56978e23498e21a5b1cab15e,MeciÌ‡diÌ‡ye mah,41.050939299999996,29.021261,Republika Academic Aparts Fitness,41.05411226611438,29.020326130699196,361,Gym,363,,,,,0.0,,1452772899,0,0
56979252498e1880255503e2,Bebek mah,41.077743700000006,29.041628600000003,No 1 Bebek PT Studio,41.079752454695374,29.04492157207048,355,Gym / Fitness Center,364,,,,,0.0,,1452773970,0,0
5697bfa5498e9e387aed0c86,EtiÌ‡ler mah,41.0870419,29.037264299999997,pilatesworks,41.08873221960821,29.032806196425017,418,Gym / Fitness Center,365,,,,,0.0,,1452785573,2,1
5699202b498e932eb38d496f,DiÌ‡kiÌ‡liÌ‡tas mah,41.0557351,29.003801,Toraman Sports Lab,41.0535622057529,29.006050707028713,306,Gym / Fitness Center,366,,,,+90 212 260 74 47,0.0,,1452875819,2,4
56a332a9498e392f53ba9a1e,SiÌ‡nanpasa mah,41.0418657,29.005111600000003,Cardio Training Studio,41.043078445296615,29.003769723798577,175,Gym,367,,,,,0.0,,1453535913,0,0
56a3becc498e3eaf7b64bce8,Bebek mah,41.077743700000006,29.041628600000003,Kick Boks,41.07943742489059,29.03777861713781,374,Boxing Gym,368,,,,,0.0,,1453571788,0,1
56a9c616498e70193b99299c,DiÌ‡kiÌ‡liÌ‡tas mah,41.0557351,29.003801,AcÄ±badem Pilates Studio,41.05442099473515,28.999456059249827,392,Yoga Studio,369,,,,,0.0,,1453966870,0,2
56b8df2d498e0e0d5fa65526,EtiÌ‡ler mah,41.0870419,29.037264299999997,pilates works,41.088724,29.032901000000003,411,Gym,370,,,,,0.0,,1454956333,0,1
56cdb266cd1058a4fe84b6af,ViÌ‡snezade mah,41.0415031,28.9987081,Retro Gym,41.04340145596613,29.000460459972505,257,Gym,371,,,,,0.0,,1456321126,0,2
56d6c2c0498efffdd7f722b1,MuradiÌ‡ye mah,41.04845039999999,28.9987081,BASI Pilates TeÅŸvikiye,41.04793521968085,28.994525468503625,355,Gym,372,http://www.bodynetworx.com,basipilatestr,,+90 4447659,0.0,,1456915136,1,5
56e4ee3b498e069c59bfe09b,SiÌ‡nanpasa mah,41.0418657,29.005111600000003,liferun,41.04514,29.001855,455,Track,373,,,,,0.0,,1457843771,0,0
56e57690498e13426cefd221,Kultur mah,41.073201899999994,29.0329,fitness lab,41.07427286494754,29.033533600618643,130,Gym,374,,,,,0.0,,1457878672,0,1
56e6e650498eb603a234e70b,DiÌ‡kiÌ‡liÌ‡tas mah,41.0557351,29.003801,Ece's Pilates Studio,41.058200983788964,29.006850384948386,375,Yoga Studio,375,,,,,0.0,,1457972816,0,0
56eabc56498e8912fe2c504a,Kultur mah,41.073201899999994,29.0329,"Gym 3,14",41.075356,29.028463000000002,442,Gym / Fitness Center,376,,,,,0.0,,1458224214,0,0
56f01c7f498e574e0bd61bae,Ulus mah,41.0632296,29.027080600000005,Gracie Jiu-Jitsu Ä°stanbul,41.05886009193132,29.024660542848764,527,Martial Arts Dojo,377,,,,+90 530 293 23 32,0.0,,1458576511,1,5
57213352498ea56bba06b0c5,Abbasaga mah,41.0480102,29.004528499999996,Nidapark Fitness Centre,41.049155,29.005477000000003,150,Gym,378,,,,,0.0,,1461793618,0,0
573af155cd100f50691f3671,Akat mah,41.085614299999996,29.0256257,WTF Personal Coaching,41.08817582869496,29.02265463348724,378,Gym / Fitness Center,379,,,,,0.0,,1463480661,3,5
573cccd6498ed0f35ce2e946,Levent mah,41.0818288,29.018351199999998,Muscle private training,41.083938,29.019035,241,Gym,380,,,,,0.0,,1463602390,0,4
57584a3c498e0b821ecf25a9,Arnavutkoy mah,41.0684875,29.041628600000003,ÅŸeker spor salonu,41.068865,29.040614,94,Gym,381,,,,,0.0,,1465403964,0,0
578e0760498ef730f15230fa,Kultur mah,41.073201899999994,29.0329,"Pilatist Pilates, Kickbox Studio",41.071253999999996,29.031185999999998,260,Pilates Studio,382,,,,,0.0,,1468925792,0,1
5797695b498e5157571e028e,EtiÌ‡ler mah,41.0870419,29.037264299999997,Pilates 11,41.083107,29.0355,462,Pilates Studio,383,,,,,0.0,,1469540699,0,0
57acdb0c498eb43ff2c12e9d,EtiÌ‡ler mah,41.0870419,29.037264299999997,GYMMY,41.087756,29.033513,324,Gym,384,,,,,0.0,,1470946060,0,1
57da4b03498ef70099e9133c,Gayrettepe mah,41.064196200000005,29.006711100000004,Mercure Otel Pasifik Fitness & Amatrra Spa,41.06258370584554,29.01147503167067,438,Gym / Fitness Center,385,,,,,6.4,,1473923843,1,7
57ef4366498efc88437f8abd,TurkaliÌ‡ mah,41.0476515,29.00161829999999,Sanem PÃ¶hrenk Training Studio,41.04957532464529,29.00106944359566,219,Gym / Fitness Center,386,,,,,0.0,,1475298150,0,1
57f3cc3a498ed2bc019409ec,EtiÌ‡ler mah,41.0870419,29.037264299999997,Pilates Studio Etiler,41.08525009831637,29.035717479779024,237,Pilates Studio,387,,,,,0.0,,1475595322,0,1
57f52e06498e1f07ad5d9668,Kultur mah,41.073201899999994,29.0329,Body Project Etiler,41.075253525032906,29.028446840560065,437,Gym / Fitness Center,388,,,,,0.0,,1475685894,0,3
57f53aaf498e1acf4ccf6447,Gayrettepe mah,41.064196200000005,29.006711100000004,Ã–zgÃ¼r StÃ¼dyo,41.067329,29.006667999999998,348,Yoga Studio,389,,,,,0.0,,1475689135,0,4
57f635d3498e7b256fd58152,Akat mah,41.085614299999996,29.0256257,Club Sporium,41.087362,29.024048999999998,235,Gym / Fitness Center,390,,,,,0.0,,1475753427,0,0
57f8a504498ed8acdb98a431,Gayrettepe mah,41.064196200000005,29.006711100000004,Ã‡elen Ramok Yol YaÅŸam StÃ¼dyosu,41.06140153209234,29.008945496291872,363,Yoga Studio,391,,,,,8.0,,1475912964,3,7
57fb35c0498e9e77b666febc,Ulus mah,41.0632296,29.027080600000005,Ulus Vadi Life Gym,41.065248,29.028551,256,Pilates Studio,392,,,,,0.0,,1476081088,0,0
57fd002a498e1678af829a96,TurkaliÌ‡ mah,41.0476515,29.00161829999999,studyyang (kickboks & muay thai),41.045477000000005,29.000123,272,Gym,393,,,,,0.0,,1476198442,0,0
5801e3bd38faa9fbef90e656,Kultur mah,41.073201899999994,29.0329,body project personal training,41.07525,29.028546000000002,430,Gym,394,,,,,0.0,,1476518845,0,0
5808f72138fa7ce988b46bd6,Gayrettepe mah,41.064196200000005,29.006711100000004,Club Jolly Sport Center,41.069183,29.007062,555,Gym / Fitness Center,395,,,,,0.0,,1476982561,0,0
581f55dc19fca3500118cd8f,Akat mah,41.085614299999996,29.0256257,Derya UmaÃ§ Pilates Studio,41.084804999999996,29.026640000000004,123,Pilates Studio,396,,,,,0.0,,1478448604,0,0
5822dbacda820231882085c9,Gayrettepe mah,41.064196200000005,29.006711100000004,mercure istanbul city bosphorus pasifik fitness SPA club,41.061921000000005,29.010981,438,Gym / Fitness Center,397,,,,,0.0,,1478679468,0,0
582c4786d02c060c9ec3ba78,Gayrettepe mah,41.064196200000005,29.006711100000004,Yol YaÅŸam StÃ¼dyosu,41.063809,29.006597999999997,44,Pilates Studio,398,,,,,0.0,,1479296902,1,1
582ef7dd0162176af691f970,Levent mah,41.0818288,29.018351199999998,S.E.T.S personal training studyo,41.086844354728704,29.018744523021784,559,Gym,399,,,,,0.0,,1479473117,0,4
58340df85804ea397b9f797c,MuradiÌ‡ye mah,41.04845039999999,28.9987081,Pilates&Move,41.05102188948632,28.994448299097037,458,Pilates Studio,400,http://www.pilatesandmove.com,,,+90 212 296 80 96,7.8,,1479806456,4,10
583596f2dfa6ff689c3b5c2d,MuradiÌ‡ye mah,41.04845039999999,28.9987081,Beauty Art Personal Coaching,41.049242,28.992361,540,Gym,401,,,,,0.0,,1479907058,0,0
5836cc54ce593d4164efb435,MuradiÌ‡ye mah,41.04845039999999,28.9987081,Cigdem Cakir Pilates,41.048342,28.993158,466,Pilates Studio,402,,,,,0.0,,1479986260,0,2
58430a5555d622400f346497,EtiÌ‡ler mah,41.0870419,29.037264299999997,EVA Pilates Studio,41.088768,29.033375,378,Pilates Studio,403,,,,,0.0,,1480788565,0,1
58482665ca107024cf8a3968,Balmumcu mah,41.059104600000005,29.014713699999998,marven 'pilates & fitness studio',41.05685554124535,29.009764859277396,485,Pilates Studio,404,,,,,0.0,,1481123429,1,3
58482792fc73d474f3c5da0f,Balmumcu mah,41.059104600000005,29.014713699999998,Marven ' Pilates & Fitness Studio ',41.056886999999996,29.009601,495,Pilates Studio,405,,,,,0.0,,1481123730,0,2
5852c16c52a05137728d5ad7,Gayrettepe mah,41.064196200000005,29.006711100000004,aida wellness club,41.06805809245331,29.004321534574174,474,Gym / Fitness Center,406,,,,,0.0,,1481818476,0,5
5852c36b040d535401c680a5,Gayrettepe mah,41.064196200000005,29.006711100000004,CLUB SLÄ°MMÄ°NG,41.063662,29.000383000000003,534,Gym,407,,,,,0.0,,1481818987,1,1
5861093376f2ca787e83004b,Levent mah,41.0818288,29.018351199999998,SETS Levent Personel Training,41.08685281649836,29.01875505658166,560,Gym / Fitness Center,408,,,,,0.0,,1482754355,0,2
586757706431e533bf2436d1,ViÌ‡snezade mah,41.0415031,28.9987081,Macfit,41.043548,28.996572999999998,289,Gym,409,,,,,7.4,,1483167600,0,1
586cd4fade0cbc35d7b4c6f5,NiÌ‡sbetiÌ‡ye mah,41.0717724,29.021261,Carrera Fitness & Spa Bellevue,41.07032889668504,29.018089218758718,310,Gym / Fitness Center,410,,,,,8.1,,1483527418,8,41
587bbec46d349d17a02a8532,DiÌ‡kiÌ‡liÌ‡tas mah,41.0557351,29.003801,BeÅŸiktaÅŸ jk fitness club,41.053011,29.001649,352,Gym / Fitness Center,411,,,,,0.0,,1484504772,0,0
587cd7f1f22995732d7b49eb,Konaklar mah,41.0934402,29.013986300000003,MSÃœ Spor Salonu,41.094604,29.01356,134,Gym / Fitness Center,412,,,,,0.0,,1484576753,0,0
589b350a55d622019070a7ac,CiÌ‡hannuma mah,41.047211100000006,29.007438699999998,Spor'da,41.050005,29.008613,326,Gym,413,,,,,0.0,,1486566666,0,0
58b0601358c4d129f8020f4a,Akat mah,41.085614299999996,29.0256257,Club Sporium Sauna,41.085144,29.024717,92,Gym / Fitness Center,414,,,,,0.0,,1487953939,0,0
58b18d7a4287c926c6b7d8ae,Kultur mah,41.073201899999994,29.0329,Ulus Pilates,41.07235574476257,29.029176292770547,326,Pilates Studio,415,http://www.uluspilates.com,uluspilates,,+90 212 263 17 61,0.0,,1488031098,0,4
58b57dbeac329115d2bd48af,ViÌ‡snezade mah,41.0415031,28.9987081,Aqua Jog Club,41.04610544458232,28.998523363668408,512,Gym / Fitness Center,416,,,,,0.0,,1488289214,0,0
58bee1e2b3cdc81ac4d3ee0c,Gayrettepe mah,41.064196200000005,29.006711100000004,Bi Training,41.063515,29.000309,542,Gym,417,http://www.fastfit.com.tr,,,+90 554 369 32 54,0.0,,1488904674,3,2
58c154e152a0514a81723474,Levazim mah,41.06331369999999,29.018351199999998,ZONE Zorlu,41.06565979722527,29.016185245538157,318,Gym / Fitness Center,418,http://www.zoneclub.me,zonefitnessspa,,+90 212 213 52 52,7.3,,1489065185,44,168
58c78d18d25ded21044851ba,EtiÌ‡ler mah,41.0870419,29.037264299999997,The Gym,41.08742992031613,29.042289715813823,423,Gym / Fitness Center,419,,,,,8.1,,1489472792,1,7
58cce2cd76b8b27b764fd459,EtiÌ‡ler mah,41.0870419,29.037264299999997,The Gym Etiler,41.087284000000004,29.042140000000003,409,Gym / Fitness Center,420,http://www.thegym.istanbul,,,+90 212 287 28 77,0.0,,1489822413,0,4
58edeb072980db13cf3d927c,Levazim mah,41.06331369999999,29.018351199999998,Zone,41.065556,29.016298,303,Gym,421,,,,,0.0,,1491987207,0,1
590b73710d8a0f1dd8770846,Gayrettepe mah,41.064196200000005,29.006711100000004,LE CÄ°EL,41.064028,29.010153999999996,289,Gym / Fitness Center,422,,,,,0.0,,1493922673,0,0
590b76da2bf9a94532413471,Gayrettepe mah,41.064196200000005,29.006711100000004,Mex Training,41.06405398763349,29.010158092273603,289,Boxing Gym,423,,,,,0.0,,1493923546,0,0
59119b2be65d0c0dcb50aa07,Bebek mah,41.077743700000006,29.041628600000003,Be-Back Pt Studio,41.077446,29.042826,105,Gym,424,,,,,0.0,,1494326059,1,3
5911d4c635dfa75e1d7fca56,Gayrettepe mah,41.064196200000005,29.006711100000004,Le Ciel Dedeman Fitness & Swimming Center,41.064239457561605,29.01013759555006,287,Gym / Fitness Center,425,,,,,7.2,,1494340806,0,17
5912daeb3fcee8711d16d55b,Levent mah,41.0818288,29.018351199999998,Verda Kutsal Antigravity,41.078203,29.021731,493,Gym / Fitness Center,426,,,,,0.0,,1494407915,0,1
591d764db8fd9d0ce23a21af,TurkaliÌ‡ mah,41.0476515,29.00161829999999,Safa Mind & Body StÃ¼dyo,41.04661,28.994220000000002,631,Pilates Studio,427,,,,,0.0,,1495103053,0,1
5926e8c82aff31298775c473,MuradiÌ‡ye mah,41.04845039999999,28.9987081,Yoga8,41.05190113790082,28.99573162308743,458,Yoga Studio,428,,,,,9.0,,1495722184,1,23
59304d516fd6265bab66c945,DiÌ‡kiÌ‡liÌ‡tas mah,41.0557351,29.003801,Åžems Yoga,41.054621000000004,29.008155,385,Yoga Studio,429,,,,,0.0,,1496337745,0,1
59310f98724750442fc52179,Gayrettepe mah,41.064196200000005,29.006711100000004,Duru Pilates,41.068050815089606,29.00695553554693,429,Pilates Studio,430,,,,,0.0,,1496387480,0,2
598319bb1499463427865760,Bebek mah,41.077743700000006,29.041628600000003,Pilates Studio Bebek,41.080180105365244,29.044828167291627,381,Pilates Studio,431,http://pilatesstudiobebek.com,,,+90 212 229 57 57,0.0,,1501764027,2,3
598447d4535d6f7629a332a0,Akat mah,41.085614299999996,29.0256257,Fizyopilates,41.081512,29.028044,499,Gym / Fitness Center,432,,,,,0.0,,1501841364,0,1
59943ba36eda027da302bbdd,Ortakoy mah,41.053970299999996,29.027080600000005,Levent Bulut Fight Club,41.05590865716333,29.022881073119713,413,Gym,433,,,,,0.0,,1502886819,1,2
59c10af225fb7b7fd7eca110,Balmumcu mah,41.059104600000005,29.014713699999998,WUNDER Pilates&Yoga,41.058249903926566,29.01118812074171,310,Pilates Studio,434,,,,,7.8,,1505823474,3,5
59c4dc1cc4df1d02e4413705,MuradiÌ‡ye mah,41.04845039999999,28.9987081,Allso Academy NiÅŸantaÅŸÄ± Basketbol,41.045978999999996,28.994635,438,Gym,435,,,,,0.0,,1506073628,0,0
59ce6fa5a9fe123f1c33d727,MuradiÌ‡ye mah,41.04845039999999,28.9987081,Do Pilates,41.05255451422289,28.99361752052436,625,Pilates Studio,436,http://www.dopilates.net,,,,0.0,,1506701221,0,6
59f32d45f00a7057ddc14530,Akat mah,41.085614299999996,29.0256257,CHILLAX,41.0806499389128,29.027803173827184,582,Gym / Fitness Center,437,,,,,0.0,,1509109061,1,6
59f33b59f96b2c39564ea90a,NiÌ‡sbetiÌ‡ye mah,41.0717724,29.021261,Etioks,41.075990999999995,29.021320000000003,469,Weight Loss Center,438,,,,,0.0,,1509112665,0,0
59fd6800a92d9866eb19fdca,Akat mah,41.085614299999996,29.0256257,CoreZone,41.089135,29.023462,431,Pilates Studio,439,,,,,0.0,,1509779456,0,2
59fd8f26112c6c13b9625308,MuradiÌ‡ye mah,41.04845039999999,28.9987081,May Pilates,41.052304,28.994602,550,Pilates Studio,440,,,,,0.0,,1509789478,1,1
5a088cc9c666664bdd2928b4,MuradiÌ‡ye mah,41.04845039999999,28.9987081,Ground and Pound Ä°stanbul,41.0501802606836,28.994018147233895,438,Martial Arts Dojo,441,http://groundandpoundistanbul.com,,,,0.0,,1510509769,0,5
5a1d5390e4c4594c8edd2072,DiÌ‡kiÌ‡liÌ‡tas mah,41.0557351,29.003801,Arena Fitness Center,41.053709000000005,29.002581,247,Gym / Fitness Center,442,,,,,0.0,,1511871376,0,0
5a250289c21cb16acf1c01a5,Levazim mah,41.06331369999999,29.018351199999998,LevazÄ±m Sitesi Spor Salonu,41.063165000000005,29.01847,19,Gym / Fitness Center,443,,,,,0.0,,1512374921,0,1
5a2ffc848ad62e3cde5e5bcd,Levent mah,41.0818288,29.018351199999998,Polestar Pilates Is Kuleleri 3,41.08222552323822,29.012848823013435,463,Pilates Studio,444,,,,,0.0,,1513094276,0,0
5a6340b966611622b6114cfc,NiÌ‡sbetiÌ‡ye mah,41.0717724,29.021261,AKADEMÄ°FÄ°T STUDYO,41.07463565754431,29.01809436395093,414,Gym,445,,,,,0.0,,1516454073,0,4
5a6f3af4cad1b62a635418ce,MeciÌ‡diÌ‡ye mah,41.050939299999996,29.021261,Aya Yoga Home Studio,41.052966999999995,29.023256,281,Yoga Studio,446,,,,,0.0,,1517239028,0,1
5a858d2d9e0d546cf624f3df,MuradiÌ‡ye mah,41.04845039999999,28.9987081,Fizist Terapi Pilates,41.051675,28.998193,361,Gym,447,,,,,0.0,,1518701869,0,0
5a87e273018cbb6c4c1f7477,NiÌ‡sbetiÌ‡ye mah,41.0717724,29.021261,Ã–mer SeÃ§kin | Personel Training Studio,41.073974,29.018936,313,Gym,448,http://www.omerseckin.com,,,+90 554 369 32 07,0.0,,1518854771,0,1
5a93918692e7a92dfd3788b0,Gayrettepe mah,41.064196200000005,29.006711100000004,@uÄŸurkaraa Gayrettepe,41.064855,29.009722999999997,263,Gym / Fitness Center,449,,,,,0.0,,1519620486,0,0
5a9ba5b5054e29285d2464c8,Levent mah,41.0818288,29.018351199999998,AtÃ¶lye Sahne,41.077457,29.01991,503,Yoga Studio,450,,,,,0.0,,1520149941,0,0
5a9ee7a41cf2e15a1eead5e2,SiÌ‡nanpasa mah,41.0418657,29.005111600000003,W Hotel Fitness Gym,41.042221000000005,29.002571999999997,216,Gym / Fitness Center,451,,,,,0.0,,1520363428,0,0
5aab8c800868a22591a4c121,Levent mah,41.0818288,29.018351199999998,Aikido BozdoÄŸan SÃ¼per Ã‡ocuk Evi Dojo,41.083964,29.014171,423,Martial Arts Dojo,452,https://www.aikidobozdogan.com,,,,0.0,,1521192064,0,0
5aba7caa6bd36b71fd7f0919,NiÌ‡sbetiÌ‡ye mah,41.0717724,29.021261,Ã–mer SeÃ§kin Personal Training Studio,41.073836,29.018408,331,Gym / Fitness Center,453,,,,,0.0,,1522171050,1,1
5ac793dc4a7aae67f1ec83a7,NiÌ‡sbetiÌ‡ye mah,41.0717724,29.021261,Microsoft spor salonu,41.070766,29.018178999999996,281,Gym / Fitness Center,454,,,,,0.0,,1523028956,0,0
5aee9ac5d807ee002cc3d69f,Gayrettepe mah,41.064196200000005,29.006711100000004,SÃ¼rmeli Health Club Fitness  & Spa,41.065077,29.00324,307,Gym / Fitness Center,455,,,,,0.0,,1525586629,1,1
5aff5118d0a149002c16b42f,Gayrettepe mah,41.064196200000005,29.006711100000004,The Power Pilates,41.065072,29.009645000000003,264,Pilates Studio,456,,,,,0.0,,1526681880,0,0
5b05496a98fbfc002cce136a,Arnavutkoy mah,41.0684875,29.041628600000003,Warriorâ€™s Of Gym,41.069167,29.039606,185,Gym,457,,,,,0.0,,1527073130,0,0
5b1539fb005ac1002c5aa1f4,Konaklar mah,41.0934402,29.013986300000003,Harp Akademileri KoÅŸu Parkuru,41.096907,29.013479999999998,388,Track,458,,,,,0.0,,1528117755,0,0
5b17cb9adb3aef0024e85628,Akat mah,41.085614299999996,29.0256257,Body Club No1903,41.08434000920064,29.024979682298497,151,Gym / Fitness Center,459,http://www.pilatesystem.com.tr,,,,7.5,,1528286106,7,9
5b185ff6a0215b002cd7d289,Kurucesme mah,41.0616299,29.0329,The Wellness Bosphorus,41.0607151401866,29.036865234375,348,Gym / Fitness Center,460,,,,+90 850 885 1557,0.0,,1528324086,0,1
5b2527bb270ee7002ce09958,Bebek mah,41.077743700000006,29.041628600000003,Selma CamgÃ¶z Antigravity Yoga,41.080360999999996,29.044796,394,Yoga Studio,461,,,,,0.0,,1529161659,0,1
5b3631a7c0cacb002ce6e5a2,Akat mah,41.085614299999996,29.0256257,FiÌ‡zyoaktiÌ‡f SaÄŸlikli YaÅŸam MerkeziÌ‡,41.08941,29.022995,476,Gym / Fitness Center,462,,,,,0.0,,1530278311,2,0
5b5cc7ec4a7aae002c9d87a7,Kultur mah,41.073201899999994,29.0329,Vavspor EÄŸitim ve DanÄ±ÅŸmanlÄ±k,41.071959,29.028859999999998,366,Gym / Fitness Center,463,,,,,0.0,,1532807148,0,0
5b7110d0db2aeb002c9e02d9,Balmumcu mah,41.059104600000005,29.014713699999998,UÄŸurkaraa BeÅŸiktaÅŸ,41.060796999999994,29.011213,349,Gym / Fitness Center,464,,,,,0.0,,1534136528,1,0
5b8fcad98194fc0039070cac,Gayrettepe mah,41.064196200000005,29.006711100000004,Gym  At Fairmont,41.064384999999994,28.999857000000002,575,Gym,465,,,,,0.0,,1536150233,0,2
5ba10b8132b61d002c69e413,CiÌ‡hannuma mah,41.047211100000006,29.007438699999998,Macfit Spor Salonu,41.047783,29.00808,83,Gym / Fitness Center,466,,,,,0.0,,1537280897,0,0
5bb30f57d41bb7002cdd3dd1,Balmumcu mah,41.059104600000005,29.014713699999998,CORE Pilates&Fitness Studio,41.057521124873865,29.01134297604527,333,Pilates Studio,0,,,,,0.0,,1538461527,1,1
5bbf0e569fca56002c4aefff,MuradiÌ‡ye mah,41.04845039999999,28.9987081,Pilates Ä°stanbul,41.047251,28.993356,468,Pilates Studio,1,,,,,0.0,,1539247702,1,1
5bbf1194f62e09002c91edfd,MuradiÌ‡ye mah,41.04845039999999,28.9987081,Pilates Ä°stanbul,41.047268,28.993416999999997,463,Pilates Studio,2,,,,,0.0,,1539248532,0,0
5beee5af67e5f2002ca3c7b4,NiÌ‡sbetiÌ‡ye mah,41.0717724,29.021261,Simyfit Pilates,41.074758,29.019426,366,Pilates Studio,3,,,,,0.0,,1542383023,1,1
5c06ad306336be002c6df4b0,Arnavutkoy mah,41.0684875,29.041628600000003,Train Garage,41.070104,29.04011,220,Gym,4,,,,,0.0,,1543941424,0,0
5c32d8200802d4002ce4e346,Kultur mah,41.073201899999994,29.0329,Wtf Personal Coaching,41.074253000000006,29.034344,168,Gym / Fitness Center,5,,,,,0.0,,1546836000,0,1
5c591039de3bbf0039a013d0,Levazim mah,41.06331369999999,29.018351199999998,Mars Athletic Club,41.065410637425636,29.016357503460714,287,Gym,6,http://www.marsathletic.com/kulupler/mac-zorlu/,,,,8.3,,1549340729,3,17
5c64363ea6031c002c76aaa3,Kultur mah,41.073201899999994,29.0329,T-FÄ°T TRAÄ°NÄ°NG CENTER,41.071841,29.030074,281,Gym,7,,,,,0.0,,1550071358,1,1
5c7fbc7f79f6c7002c67df4f,NiÌ‡sbetiÌ‡ye mah,41.0717724,29.021261,Flov Studio,41.074289,29.018651000000002,355,Yoga Studio,8,http://www.flovstudio.com,,,,0.0,,1551875199,0,2
5c88b7fc270ee7002c3b4d39,Levazim mah,41.06331369999999,29.018351199999998,Raffles Gym,41.066401,29.01769,348,Gym,9,,,,,0.0,,1552463868,0,0
5c910603475abd002c54f9f1,Kultur mah,41.073201899999994,29.0329,NamÄ±k Ekin Spor Merkezi,41.071851,29.028073,432,Gym,10,,,,,0.0,,1553008131,0,0
5c9ce99d66f3cd002ce8b074,NiÌ‡sbetiÌ‡ye mah,41.0717724,29.021261,Bodyography Studio,41.07179,29.01983,120,Gym / Fitness Center,11,,,,,0.0,,1553787293,0,0
5cb6b41275eee400393adab6,MuradiÌ‡ye mah,41.04845039999999,28.9987081,AltÄ± Pilates,41.051401,28.997451,344,Gym,12,,,,,0.0,,1555477522,0,2
5ce3c482588e36002c5fa4d8,MuradiÌ‡ye mah,41.04845039999999,28.9987081,360Fit,41.049184999999994,28.992413,534,Gym / Fitness Center,13,,,,,0.0,,1558430850,0,1
5d1f668f06e5220023a5e4e8,Gayrettepe mah,41.064196200000005,29.006711100000004,Cc Pilates Studio,41.070254,29.005667,680,Pilates Studio,14,,,,,0.0,,1562338959,0,1
5d27528d348eba00230fa67c,Balmumcu mah,41.059104600000005,29.014713699999998,UÄŸur Kara Spor Merkezi - BeÅŸiktaÅŸ,41.06139467080398,29.01153981685638,368,Gym / Fitness Center,15,,,,+90 553 656 97 94,0.0,,1562858125,0,0
5d6e8e7a92ab4500085a3bcb,Akat mah,41.085614299999996,29.0256257,Wing Chun Akatlar,41.087445,29.024343,230,Gym / Fitness Center,16,,,,,0.0,,1567526522,0,0
5d8f729ea4e616000864bd60,NiÌ‡sbetiÌ‡ye mah,41.0717724,29.021261,Kg Sports,41.070633,29.020124,158,Gym / Fitness Center,17,,,,,0.0,,1569682078,0,0
5dda4d88adf2c200089162ed,Yildiz mah,41.047149499999996,29.013986300000003,Macfit Fulya BeÅŸiktaÅŸ,41.043824,29.011215999999997,437,Gym / Fitness Center,18,,,,,0.0,,1574587784,0,0
5dda4df02c3a7a0008d49b6c,SiÌ‡nanpasa mah,41.0418657,29.005111600000003,Macfit Fulya BeÅŸiktaÅŸ,41.043158,29.006268,173,Gym / Fitness Center,19,,,,,0.0,,1574587888,0,0
5df49c40b519ae000878497d,NiÌ‡sbetiÌ‡ye mah,41.0717724,29.021261,Atlante Gym,41.07033,29.01807,312,Gym / Fitness Center,20,,,,,0.0,,1576311872,0,0
5e18b513c5797e0008843f52,TurkaliÌ‡ mah,41.0476515,29.00161829999999,Yoga8 BeÅŸiktaÅŸ,41.049236,29.000922999999997,185,Yoga Studio,21,,,,,0.0,,1578677523,0,1
5e297ae5b7ef1d000858fe4a,Kultur mah,41.073201899999994,29.0329,Fit Af Etiler,41.074376,29.03398,159,Gym / Fitness Center,22,,,,,0.0,,1579776741,0,1
5e3abc688ed05e000831aae0,Kultur mah,41.073201899999994,29.0329,Fit Corner,41.075534999999995,29.029065000000003,413,Gym / Fitness Center,23,,,,,0.0,,1580907624,0,0
5ede5be57aff190727adb6a8,MuradiÌ‡ye mah,41.04845039999999,28.9987081,Pinestudio,41.048667,28.996158,215,Pilates Studio,24,,,,,0.0,,1591630821,0,0
