,Neighborhood,Neighborhood Latitude,Neighborhood Longitude,Venue ID,Venue,Venue Latitude,Venue Longitude,Venue Distance,Venue Category
64,CiÌ‡hannuma mah,41.0472111,29.0074387,4b66f145f964a52075312be3,Turkcell Plaza Fitness Center,41.048224419652676,29.00871466651929,155,Gym
197,Bebek mah,41.0777437,29.0416286,4b703459f964a520830b2de3,Mars Athletic Club,41.07591915184542,29.038231613780408,350,Gym / Fitness Center
223,EtiÌ‡ler mah,41.0870419,29.0372643,4b7aed0ef964a52089462fe3,Hillside City Club,41.08799296097711,29.031091034581483,528,Gym / Fitness Center
200,Bebek mah,41.0777437,29.0416286,4ba67962f964a520265639e3,Celebrity Fitness,41.081342,29.03598,620,Gym
413,Kultur mah,41.0732019,29.0329,4bc89f2192b376b0bdcb513a,Maya sports center,41.07642511066118,29.02915775768115,476,Gym / Fitness Center
137,Akat mah,41.0856143,29.0256257,4be97d20c5220f478ee2aaca,Club Sporium,41.08689088147605,29.024003065024285,196,Gym / Fitness Center
401,Kultur mah,41.0732019,29.0329,4c14c74682a3c9b66bbcfdf8,Mayadrom Sports Center(MSC),41.07728053515671,29.032697680815467,454,Gym
739,ViÌ‡snezade mah,41.0415031,28.9987081,4c37666c93db0f4737b51f92,Mars Athletic Club,41.04376499528724,28.992380709711895,587,Gym / Fitness Center
628,MuradiÌ‡ye mah,41.0484504,28.9987081,4c4ae6c79c8d2d7fe10e316a,Ä°TÃœ Havuz,41.046354219027144,28.99592248122572,330,Gym Pool
48,CiÌ‡hannuma mah,41.0472111,29.0074387,4c51ab6b1c67ef3be50f1bb9,The Alaaddin Club,41.0472598157611,29.007811213202093,31,Gym / Fitness Center
161,Akat mah,41.0856143,29.0256257,4c585cd0d12a20a1a2d768bd,ÅžiÅŸli Terakki Spor Salonu,41.08194566735712,29.024032317117285,429,Gym
352,Gayrettepe mah,41.0641962,29.0067111,4c6667d6e75ac9280676f7da,Essporto Health & Fitness Club,41.065584954467546,29.010558128356934,357,Gym / Fitness Center
434,Levazim mah,41.06331369999999,29.0183512,4c6fc3e79c6d6dcba464d07a,Korukent Gym,41.060259311722284,29.020800170603696,397,Gym / Fitness Center
719,ViÌ‡snezade mah,41.0415031,28.9987081,4c96571203413704ac9483ef,Swiss Otel Gym,41.04082141366043,28.997064280627697,157,Gym
659,MuradiÌ‡ye mah,41.0484504,28.9987081,4c990c719c663704c5bf4cfd,Action gym,41.052083,28.995858,469,Gym / Fitness Center
327,Gayrettepe mah,41.0641962,29.0067111,4cb076a3cbab236adb65a073,Point Sports Center,41.06392584214797,29.010653306292383,332,Gym / Fitness Center
287,DiÌ‡kiÌ‡liÌ‡tas mah,41.0557351,29.003801,4cbe86b6021ca143ba06560c,Sportomed,41.05619713102739,28.998301682542,464,Gym / Fitness Center
427,Kultur mah,41.0732019,29.0329,4cc172a6083a9c7440223778,U-Time Wellness,41.071245771040914,29.027684619698412,488,Gym / Fitness Center
435,Levazim mah,41.06331369999999,29.0183512,4cc70557c844721ec909f801,Jandarma Spor Salonu,41.063215797353,29.015418120340108,246,Gym / Fitness Center
136,Akat mah,41.0856143,29.0256257,4cd04f637b685481f3c5c0f8,Club Sporium Havuz,41.086680670399375,29.024264780690363,164,Gym Pool
488,NiÌ‡sbetiÌ‡ye mah,41.0717724,29.021261,4ced3a2728abb60ca1b8b609,GfiT,41.072876,29.019238,209,Gym
277,DiÌ‡kiÌ‡liÌ‡tas mah,41.0557351,29.003801,4cf628caf4478eecdc8710b7,BJK SÃ¼leyman Seba Spor Salonu,41.05487175258832,29.001927528829505,184,Gym
304,DiÌ‡kiÌ‡liÌ‡tas mah,41.0557351,29.003801,4cf7e30bd3a8a1cd432fd943,Es-line Pilates Studio,41.05646039089998,28.99850230292629,452,Yoga Studio
150,Akat mah,41.0856143,29.0256257,4cf904d4d76da35d9354ca2c,Cihnagir Yoga,41.08695,29.021643,365,Yoga Studio
315,DiÌ‡kiÌ‡liÌ‡tas mah,41.0557351,29.003801,4d1393e2058fa35d3e5d2f9f,MeriÃ§ Gym,41.058593,29.006045,369,Gym / Fitness Center
563,Levent mah,41.0818288,29.0183512,4d14493d85fc6dcbaa92964e,Cengizhanucgun Pilates,41.08401952477326,29.013582066167853,468,Gym / Fitness Center
306,DiÌ‡kiÌ‡liÌ‡tas mah,41.0557351,29.003801,4d18dc346c8b5481f552f4cc,The One Terrace Sports Club,41.05472040088477,28.99890188117499,426,Gym / Fitness Center
466,NiÌ‡sbetiÌ‡ye mah,41.0717724,29.021261,4d29f373915fa093f1a30a0a,Belluve Gym,41.07070533780923,29.018350078844893,271,Gym
220,Bebek mah,41.0777437,29.0416286,4d2f2ab9e043548174d8b6ed,Beyond Pilates,41.07875709298704,29.03539527872138,535,Gym / Fitness Center
205,Bebek mah,41.0777437,29.0416286,4d31776df8c9224b9a31a7d2,Etiler Life Gym VIP,41.08135023759447,29.0360118997642,619,Gym / Fitness Center
569,Levent mah,41.0818288,29.0183512,4d3725eac47db1f7532feda5,Reflex Point,41.085044,29.020177,389,Yoga Studio
491,NiÌ‡sbetiÌ‡ye mah,41.0717724,29.021261,4d4a33d583eda1cdb555b0b1,Lotus YA Levent,41.074734,29.017723,443,Yoga Studio
299,DiÌ‡kiÌ‡liÌ‡tas mah,41.0557351,29.003801,4d6a60041a88b1f70c04375d,Polat Towerside Gym Club,41.056789074666135,28.99902845236649,417,Gym
532,Konaklar mah,41.0934402,29.0139863,4d761570ec646dcb82abf510,Gym House,41.088755,29.012857,530,Gym
406,Kultur mah,41.0732019,29.0329,4d78bdc2109eb1f730dd5306,Ulus Body & Fitness,41.07059788850618,29.02814956049052,492,Gym / Fitness Center
522,Ulus mah,41.0632296,29.0270806,4d7cf6aef260a093968043ba,Platin Gym,41.062021092240116,29.029449054404783,240,Yoga Studio
417,Kultur mah,41.0732019,29.0329,4d80855f6bd8b60cb24d4a7c,D's Pilates,41.07198539962715,29.029054960823434,349,Gym / Fitness Center
152,Akat mah,41.0856143,29.0256257,4d95cd7ab188721e55a4e636,Gym Schutzwaffe,41.0814632,29.025064675,464,Gym
238,EtiÌ‡ler mah,41.0870419,29.0372643,4d9602ff0caaa143df746cb3,Oxygen GYM,41.08600103640638,29.043263841977687,516,Gym
196,Bebek mah,41.0777437,29.0416286,4d9b30ba03d8721ebfd5e124,Baps 'Body Arts Pilates Studio',41.077546642193305,29.04246113760111,73,Gym / Fitness Center
218,Bebek mah,41.0777437,29.0416286,4da47b620f578cfa57f9cf18,BBL Gym,41.078397,29.044911,284,Gym
492,NiÌ‡sbetiÌ‡ye mah,41.0717724,29.021261,4dac54c35da3ba8a47b3b43f,Pilates studio,41.07507898983189,29.024122542310426,439,Yoga Studio
565,Levent mah,41.0818288,29.0183512,4db29a5643a17e74378d0d7a,Yogha,41.08493009954095,29.01589307615362,402,Yoga Studio
523,Konaklar mah,41.0934402,29.0139863,4dbae5066e815ab0de5d1845,Harp Akademileri Spor Salonu,41.09407413467154,29.014046345622138,70,Gym
94,SiÌ‡nanpasa mah,41.0418657,29.0051116,4dc2cbc945ddd5b5b6b4b5bc,Ota Gym,41.04217125408577,29.004641869615345,52,Gym
176,Kurucesme mah,41.0616299,29.0329,4dc41c0e18387d1bd51a5e60,Caudalie Spa & Fitness,41.05887224633784,29.036134846579007,409,Gym / Fitness Center
545,Levent mah,41.0818288,29.0183512,4dcbaacfd4c0dfa030d4c599,YapÄ± Kredi Plaza D Blok Spor Salonu,41.081403265643665,29.01416528690401,354,Gym
635,MuradiÌ‡ye mah,41.0484504,28.9987081,4dd299cfae60fb3f53c486f8,Nis Plates,41.051373646865365,28.99824349336589,327,Gym / Fitness Center
60,CiÌ‡hannuma mah,41.0472111,29.0074387,4dd2a4a9d16465f3f95719c6,Pilates point studio nisantasi,41.04939958481878,29.00168370603336,541,Gym / Fitness Center
213,Bebek mah,41.0777437,29.0416286,4dda8fa41f6ee146836d0044,Life Gym,41.0813318338397,29.035972327861494,620,Gym
595,Ortakoy mah,41.0539703,29.0270806,4de0b20dc65bcc724f460522,Frog Yoga & Pilates,41.05365894309017,29.029492798511395,205,Yoga Studio
549,Levent mah,41.0818288,29.0183512,4decc12efa76cc1b8b1e7abc,Dr.Ender SaraÃ§,41.07709364534733,29.014945609097637,599,Yoga Studio
219,Bebek mah,41.0777437,29.0416286,4decf4d722713dd973d238fc,Hero House Pilates,41.080768451590025,29.03606604580401,575,Gym / Fitness Center
239,EtiÌ‡ler mah,41.0870419,29.0372643,4dfc661fb0fb84d7ace0142d,Joy Pilates Etiler,41.08469504505284,29.03365048171919,400,Gym / Fitness Center
146,Akat mah,41.0856143,29.0256257,4e042b37e4cd92cb899cafc4,Parkmaya Site Havuzu,41.085917724800915,29.02191711607842,312,Gym Pool
593,MeciÌ‡diÌ‡ye mah,41.0509393,29.021261,4e0db686fa76d62f4440ef68,Bross Pilates Studio,41.055226444141354,29.019536586897033,498,Gym / Fitness Center
47,CiÌ‡hannuma mah,41.0472111,29.0074387,4e116520b3adf2a0f5a2d5c6,Health Club & Spa Soul,41.046996497844404,29.008914572004947,126,Gym / Fitness Center
398,Kultur mah,41.0732019,29.0329,4e15e3aad4c0e3d78b3117cb,Fitin 15,41.069063735302,29.03000452145216,520,Gym
525,Konaklar mah,41.0934402,29.0139863,4e22a52d62e1964dbb73daae,Spor Salonu @lojmanlar,41.09494090201608,29.01594991099612,234,Gym
507,Ulus mah,41.0632296,29.0270806,4e22f6cce4cdf68591949534,Ã‡amlÄ±tepe Sitesi Pool&cafe,41.06324083970215,29.029924959954645,238,Gym Pool
529,Konaklar mah,41.0934402,29.0139863,4e2700da483b329ccb4057c7,Terrace Studio,41.092101037751675,29.018914583935118,439,Yoga Studio
251,Balmumcu mah,41.0591046,29.0147137,4e2ec1961838f1c552bd52b2,The Plaza Hotel GYM,41.06263508918066,29.011511991107366,476,Gym
367,Gayrettepe mah,41.0641962,29.0067111,4e37156b091ae705a0f9af26,TTNET Gym,41.069137203586266,29.005187683250835,564,Gym
407,Kultur mah,41.0732019,29.0329,4e64e94fd22d509a3aaa5fe1,N-Fit Pilates Studio,41.071450083315064,29.02987085363713,320,Gym / Fitness Center
54,CiÌ‡hannuma mah,41.0472111,29.0074387,4e687b1e52b128a09ebdf3b2,Nafiz BaÅŸaran Boks Okulu,41.044646909010915,29.007325334531394,285,Gym / Fitness Center
496,NiÌ‡sbetiÌ‡ye mah,41.0717724,29.021261,4e68fc91d22df5c11f8d8805,LFB - Kempinski,41.07036353339015,29.01812723795283,306,Gym / Fitness Center
544,Levent mah,41.0818288,29.0183512,4e79ea90b61c0c4cb56323e2,Aristo Sports Center,41.082295,29.014773,304,Gym
487,NiÌ‡sbetiÌ‡ye mah,41.0717724,29.021261,4e7d9d89f7900294813f1f5d,My Yoga Mat,41.06928467274159,29.02017268094982,291,Yoga Studio
264,Balmumcu mah,41.0591046,29.0147137,4e89be292c5b673ad54cd1e7,B-Fit Balmumcu,41.061955332271616,29.01139223559897,422,Gym
580,MeciÌ‡diÌ‡ye mah,41.0509393,29.021261,4e89cdf1cc212845e5b07aeb,Rocky Gym,41.05307653761488,29.023514355067146,303,Gym
281,DiÌ‡kiÌ‡liÌ‡tas mah,41.0557351,29.003801,4e89e54b7ee6a22446669cf9,Tunc Fight Club,41.056498642514555,29.002957741339845,110,Gym
288,DiÌ‡kiÌ‡liÌ‡tas mah,41.0557351,29.003801,4e89f9724690ceb3f17adc1d,Mi Estilo Fitness & Spa,41.0559321203853,29.00812226769699,363,Gym / Fitness Center
673,TurkaliÌ‡ mah,41.0476515,29.00161829999999,4e8edadeb803483190689f53,Sports Center Besiktas,41.046074353535474,28.99941008498178,255,Gym
579,MeciÌ‡diÌ‡ye mah,41.0509393,29.021261,4e931eb055037de99d9cefab,Rocky Sports Center,41.05310765711649,29.023491148468874,305,Gym / Fitness Center
497,NiÌ‡sbetiÌ‡ye mah,41.0717724,29.021261,4e9360a28b81592e629995df,Gokahmet's fitness center,41.068643233396365,29.025378520083578,490,Gym
296,DiÌ‡kiÌ‡liÌ‡tas mah,41.0557351,29.003801,4e995f618b81f3191334635f,Blue Vision Fitness Akademi,41.05443864953047,29.00756479569031,347,Gym / Fitness Center
217,Bebek mah,41.0777437,29.0416286,4e99efd261afc418b981b041,Yoga,41.08189792072819,29.043296394436826,483,Yoga Studio
272,Balmumcu mah,41.0591046,29.0147137,4e9d4b9602d527780616d531,World Class Fitness Center,41.05588625274689,29.008225863146063,651,Gym
18,Abbasaga mah,41.0480102,29.0045285,4ea98d24490158681b0d5fc1,The One Sports,41.046960504403955,29.00492924187871,121,Gym / Fitness Center
387,Yildiz mah,41.0471495,29.0139863,4eadaee89911d5c951671ee4,H&M,41.04429863659589,29.016881999412306,399,Yoga Studio
389,Yildiz mah,41.0471495,29.0139863,4eaeb68882315d0ca61f6999,Mini Ven,41.04465,29.016533,350,Yoga Studio
474,NiÌ‡sbetiÌ‡ye mah,41.0717724,29.021261,4ec2ac6b9adf5630f701a3e0,Dogakent Sitesi Spor Salonu,41.06846288878127,29.023271250352046,405,Gym
594,MeciÌ‡diÌ‡ye mah,41.0509393,29.021261,4ec51678f790c16e5238c264,Ortakoy Princess Hotel Saglikli Yasam Merkezi,41.04935431174121,29.026488707676013,473,Gym
710,TurkaliÌ‡ mah,41.0476515,29.00161829999999,4ecd1e4a2c5b26aab95c9c7d,Ahalya Pilates,41.048542397290255,28.995448220060943,527,Yoga Studio
357,Gayrettepe mah,41.0641962,29.0067111,4ed2590ce3007feb7fca72a5,NYG Fitness Center,41.06758963167435,29.00586139713452,384,Gym
132,SiÌ‡nanpasa mah,41.0418657,29.0051116,4ed3d7c399114b488c0c5a3c,Milli Saraylar Spor Salonu,41.04692,29.00436,566,Gym
513,Ulus mah,41.0632296,29.0270806,4ed7f2e993adde11f9a39076,"Eryuruk Inn ""3rd Floor Gym""",41.06451455767521,29.026532191962865,150,Gym
516,Ulus mah,41.0632296,29.0270806,4eeb3538b634b469c34e7ba3,Mef Konutlari Gym Center,41.06284981867304,29.023792917480986,279,Gym
504,Ulus mah,41.0632296,29.0270806,4eef97d6f9ab8c5a0419c967,Ulus Vadi Spor Salonu,41.06193620675656,29.023888058288485,304,Gym / Fitness Center
180,Kurucesme mah,41.0616299,29.0329,4ef87351f790731252bff7a3,Muscle Gym,41.0605047218893,29.03584308660525,276,Gym
542,Levent mah,41.0818288,29.0183512,4f0acdd4e4b08f524b162dfc,YaÅŸam Yolu,41.08516675940179,29.013426423727054,555,Yoga Studio
96,SiÌ‡nanpasa mah,41.0418657,29.0051116,4f0b2d03e4b0fcefab4a7ac7,GYM works,41.044647226173424,29.003443465649806,339,Gym / Fitness Center
396,Kultur mah,41.0732019,29.0329,4f0c675be4b0065899eb0a8c,D-Gym Etiler,41.07717573681804,29.033721506923545,447,Gym / Fitness Center
429,Kultur mah,41.0732019,29.0329,4f20387fe4b03be7a562e2b8,Bfit Ulus,41.07381123871451,29.028602221671125,366,Gym
511,Ulus mah,41.0632296,29.0270806,4f2ac9d7e4b0e2cf5e86fa57,Bujin Fight Club,41.05881400852746,29.024286515995684,544,Martial Arts Dojo
725,ViÌ‡snezade mah,41.0415031,28.9987081,4f3522aae4b01f8cbc93802c,Pilates,41.0434652570952,28.999270155874246,223,Yoga Studio
495,NiÌ‡sbetiÌ‡ye mah,41.0717724,29.021261,4f352c0ee4b0ba1c47ecab3f,Veges,41.07604636908125,29.019951031041018,488,Gym
586,MeciÌ‡diÌ‡ye mah,41.0509393,29.021261,4f36705ae4b0e313d267887c,Fitness World,41.053218586268194,29.02075806250341,257,Gym
365,Gayrettepe mah,41.0641962,29.0067111,4f3e0684a17cd1c4c4c43db3,B-Fit,41.062502937819104,29.009335041046143,289,Gym
534,Levent mah,41.0818288,29.0183512,4f3f8726e4b0b5869f7cf0c9,TSYD Spor Salonu,41.07995365105395,29.020485263610578,275,Gym
392,Yildiz mah,41.0471495,29.0139863,4f426558e4b0f4a9fc6c9b70,Yoga Academy,41.04539101865342,29.011670188531006,275,Yoga Studio
578,MeciÌ‡diÌ‡ye mah,41.0509393,29.021261,4f4d1041e4b0b2a2fd5fd07f,PrÄ±ncess Otel,41.05031297032077,29.025475133332492,360,Gym / Fitness Center
279,DiÌ‡kiÌ‡liÌ‡tas mah,41.0557351,29.003801,4f571209e4b0be1ce2d5463b,Polat Boks Salonu,41.05589320983517,29.003103814488096,61,Martial Arts Dojo
519,Ulus mah,41.0632296,29.0270806,4f5cb2fbe4b01219ac44d7ca,nevra's soul center,41.06663883671103,29.024520364437265,436,Yoga Studio
672,TurkaliÌ‡ mah,41.0476515,29.00161829999999,4f5e304fe4b0c4b68b4b6828,Om Yoga,41.04591015114885,29.001220539197526,196,Yoga Studio
498,NiÌ‡sbetiÌ‡ye mah,41.0717724,29.021261,4f7429f6e4b026e7916eca0b,Avantgarde Fitness & Spa,41.07084198494302,29.01526401187274,513,Gym / Fitness Center
479,NiÌ‡sbetiÌ‡ye mah,41.0717724,29.021261,4f748e3be4b0f3ab58ac89e4,Beyaz Vadi Spor Salonu,41.07426665211249,29.023804283866202,350,Gym / Fitness Center
530,Konaklar mah,41.0934402,29.0139863,4f906c4be4b09decf96a6df0,508 No'lu Oda,41.09591989764315,29.017649263070634,413,Gym
311,DiÌ‡kiÌ‡liÌ‡tas mah,41.0557351,29.003801,4f957f30e4b01b89912bc7e0,CONAN Spor Salonu,41.056789380383115,29.00565109430812,194,Gym
141,Akat mah,41.0856143,29.0256257,4f95be7de4b0d668ffb66a64,Alman Deresi YÃ¼rÃ¼yÃ¼ÅŸ Parkuru,41.08763739845536,29.029544200787704,398,Track
229,EtiÌ‡ler mah,41.0870419,29.0372643,4f9bc0c7e4b08ea038eca857,Spor Sart,41.08403551764091,29.04158596157182,493,Gym
447,Levazim mah,41.06331369999999,29.0183512,4f9d39f5e4b0ef2f716320f1,Selenium City Spor,41.06643856997163,29.019206512337682,355,Gym Pool
256,Balmumcu mah,41.0591046,29.0147137,4fae2107e4b0664ab7791009,Life Fitness,41.0604127816369,29.010983353881294,345,Gym
74,CiÌ‡hannuma mah,41.0472111,29.0074387,4faffe62e4b0861ead2dc747,Yoga Evi,41.04455195705611,29.00800987980242,299,Yoga Studio
718,ViÌ‡snezade mah,41.0415031,28.9987081,4fb73636e4b01fc5324c57da,Swiss Hotel Bosphorus SPA & Wellness Center,41.04245314535917,28.992964186769118,493,Gym / Fitness Center
321,DiÌ‡kiÌ‡liÌ‡tas mah,41.0557351,29.003801,4fb91c39e4b002b8bbaa24bc,Sky Fitness,41.05406679078558,29.00017175177528,356,Gym / Fitness Center
531,Konaklar mah,41.0934402,29.0139863,4fc4f5d4e4b02a2bec17c30a,Tria Club,41.09069594210856,29.00867488025842,540,Gym / Fitness Center
209,Bebek mah,41.0777437,29.0416286,4fc5061ce4b02a2bec1ed4be,Yoga Academy Ä°stanbul,41.0809071927852,29.03599992975661,589,Gym
111,SiÌ‡nanpasa mah,41.0418657,29.0051116,4fc77c66e4b06af1d0f968e4,Yoga Academy,41.044367246832394,29.009004375900062,429,Yoga Studio
100,SiÌ‡nanpasa mah,41.0418657,29.0051116,4fc9b8c9e4b0f9aeca841504,SWEAT Fitness Center,41.04254040858915,29.002490833427714,232,Gym
127,SiÌ‡nanpasa mah,41.0418657,29.0051116,4fcd42e8e4b0b705e87c3786,Yogaevi,41.043579,29.007983,307,Yoga Studio
71,CiÌ‡hannuma mah,41.0472111,29.0074387,4fcdfa55e4b0c300d50367ba,Champion Sport Center,41.047503,29.007795,44,Gym
452,Levazim mah,41.06331369999999,29.0183512,4fce2562e4b0155a2eabb5ec,Korukent Rekreasyon Merkezi,41.05989,29.02165,471,Gym
512,Ulus mah,41.0632296,29.0270806,4fd04bf9e4b00dbf7d8d8276,Tai chi Salon2 United Clubs,41.0588637519397,29.024435116925503,534,Yoga Studio
278,DiÌ‡kiÌ‡liÌ‡tas mah,41.0557351,29.003801,4fd08cb1e4b0da17b0341523,Avatar Gym,41.055879242455,29.00305859890007,64,Gym
160,Akat mah,41.0856143,29.0256257,4fd39809e4b0a8f57126ea38,ersin's gym,41.086463928222656,29.02676010131836,134,Gym
445,Levazim mah,41.06331369999999,29.0183512,4fd4e627e4b0a071e1d8148e,Selenium Havuz,41.06595502093603,29.019490680207788,309,Gym Pool
236,EtiÌ‡ler mah,41.0870419,29.0372643,4fd8489be4b02579a17d33e4,Pilates Etiler,41.08402812329862,29.033733257296117,447,Gym
573,Levent mah,41.0818288,29.0183512,4fdc22d3e4b090d3f585e5bf,Cengiz Han ÃœÃ§gÃ¼n Pilates Studio,41.08294582532909,29.013922258500784,391,Gym / Fitness Center
726,ViÌ‡snezade mah,41.0415031,28.9987081,4fdee8cce4b044e8235978ed,Sport House Fight Club,41.0441786018187,29.001052779558705,357,Martial Arts Dojo
602,Ortakoy mah,41.0539703,29.0270806,4fe34efde4b0fcbc9309fe10,UnÄ±ted cÄ±mps spor salonu,41.0579420598637,29.023429192709393,537,Gym
274,Balmumcu mah,41.0591046,29.0147137,4fe3b235e4b043458f13e2b6,SaklÄ±kent Fitness,41.0614712203339,29.015250840971706,267,Gym
101,SiÌ‡nanpasa mah,41.0418657,29.0051116,4fea530ad5fb2dc8becacdae,WellGym Spor Merkezi,41.043763306496345,29.007594582441985,296,Gym
723,ViÌ‡snezade mah,41.0415031,28.9987081,4feff5ace4b0ccc775a19318,Pilates FNB,41.042873,29.000612,220,Gym
290,DiÌ‡kiÌ‡liÌ‡tas mah,41.0557351,29.003801,4ff7eb06e4b042cc2a9f7b77,selenium sky fitness,41.054167908900766,29.00103889425294,290,Gym
728,ViÌ‡snezade mah,41.0415031,28.9987081,50018ef7e4b05e79b09c2a56,G-Mall Macka Mac Group,41.04376808412667,28.992456669012185,582,Gym Pool
664,MuradiÌ‡ye mah,41.0484504,28.9987081,50055a0ee4b0f953a324a953,Fitflex,41.04720291062301,28.99625538014979,248,Gym
110,SiÌ‡nanpasa mah,41.0418657,29.0051116,500a96fbe4b02a36e9dd8c64,GÃ¼ner Spor KulÃ¼bÃ¼,41.04402670010511,29.00486290375661,241,Martial Arts Dojo
704,TurkaliÌ‡ mah,41.0476515,29.00161829999999,502aa0b9e4b0cb56a8b7b059,Sporthall,41.0462406745182,29.001139528907924,162,Gym
390,Yildiz mah,41.0471495,29.0139863,50360252e4b0e3f1e5cd72cd,Gym,41.04234332156413,29.011403057147,577,Gym
756,ViÌ‡snezade mah,41.0415031,28.9987081,5037c343e4b0f46ba0c8a27a,MAC G-mall havuz,41.04372862517724,28.992337335871973,589,Gym Pool
567,Levent mah,41.0818288,29.0183512,5049a55ae4b0e1f266630d8e,By Fitness,41.084124,29.019104,263,Climbing Gym
636,MuradiÌ‡ye mah,41.0484504,28.9987081,504a3204e4b00c0107c4ac40,Pilates & Pilates Istanbul,41.0482836374397,28.993152048173673,466,Gym
369,Gayrettepe mah,41.0641962,29.0067111,504e0fcfe4b050eb2b45594e,Kuveytturk Fitness Club,41.06868694079564,29.006721551607672,499,Gym
231,EtiÌ‡ler mah,41.0870419,29.0372643,5052ec4ee4b0244ddd41735d,Outlook Pilates,41.08980311817332,29.033959812408884,413,Gym / Fitness Center
376,Yildiz mah,41.0471495,29.0139863,505a5c8fe4b0279819a840bf,MG Fit in Fitness,41.0479,29.015429,147,Gym
293,DiÌ‡kiÌ‡liÌ‡tas mah,41.0557351,29.003801,505ee6c1e4b0afdc79a558ab,KoÃ§ Universty GYM,41.05491892667482,28.99794926573524,499,Gym
210,Bebek mah,41.0777437,29.0416286,5065a2a4e4b06062647e78cf,Circle Pilates Studio,41.07646578697322,29.04263442873568,165,Gym
650,MuradiÌ‡ye mah,41.0484504,28.9987081,5069b20ee4b029886611e4c6,'studiODA',41.048074,28.997794,87,Gym
701,TurkaliÌ‡ mah,41.0476515,29.00161829999999,506c0b4ce4b09eff15bd863d,Nuvola spor salonu,41.045439,29.003347,285,Gym
312,DiÌ‡kiÌ‡liÌ‡tas mah,41.0557351,29.003801,507459b7fe7097adb9e0c1cf,Ã‡ilek Spor - Bayanlara Ã–zel Spor Merkezi,41.052655496687656,29.006060331975892,391,Gym
320,DiÌ‡kiÌ‡liÌ‡tas mah,41.0557351,29.003801,507584a7e4b09eeb0428604a,Nt sports organÄ±zasyon,41.056060256496956,28.998688203273417,430,Gym
420,Kultur mah,41.0732019,29.0329,5077e28be4b0df11c87f0823,namik ekin gym,41.071791425876754,29.028197328682996,424,Gym
679,TurkaliÌ‡ mah,41.0476515,29.00161829999999,507d9626e4b0ff7c67d968a0,Ã‡eliktÃ¼rk Spor Merkezi,41.0496976240381,29.002007694298893,230,Gym
422,Kultur mah,41.0732019,29.0329,50803e98e4b093287aa41207,Altindal Spor Merkezi,41.07196831567149,29.02805289106234,429,Gym / Fitness Center
428,Kultur mah,41.0732019,29.0329,508bd76de4b0988211a05c68,Private Training Studio,41.07553084462071,29.03477040934782,303,Gym / Fitness Center
353,Gayrettepe mah,41.0641962,29.0067111,50980060e4b0272e115cb81e,Turk Telekom Gymnasium,41.06636819653531,29.00572498452314,255,Gym
515,Ulus mah,41.0632296,29.0270806,50994a80e4b062b9e4472a0a,United Clup Zumba,41.06209893984892,29.023417826296384,332,Gym / Fitness Center
185,Kurucesme mah,41.0616299,29.0329,50acb6d9e4b0f9c3315f3fd5,ecentric body works,41.060344636405446,29.03659661632438,341,Gym
698,TurkaliÌ‡ mah,41.0476515,29.00161829999999,50ae3f6ce4b00b39bbfb52fe,Sporex Gym,41.0458093116675,29.00121761645486,207,Gym
627,MuradiÌ‡ye mah,41.0484504,28.9987081,50b8ba7be4b0073faa8efd2b,Urban Health Pilates,41.050345189431766,28.993781530316014,464,Gym
328,Gayrettepe mah,41.0641962,29.0067111,50cc76dce4b0b0b97c7affd7,BJK Akatlar Spor Salonu,41.067232116721115,29.007299406051768,341,Gym / Fitness Center
425,Kultur mah,41.0732019,29.0329,50cc7f39e4b06fef2129961c,Solo Pilates Studio,41.075966084544675,29.03329362278549,309,Gym
478,NiÌ‡sbetiÌ‡ye mah,41.0717724,29.021261,50d1a55fe4b0ef9beb063a77,"Pilates Studio Form, Ulus Etiler",41.07559195768989,29.024413283615118,500,Gym / Fitness Center
537,Levent mah,41.0818288,29.0183512,50d2e821e4b057df6643df2f,IBM Gym,41.08064564194295,29.011764284325125,568,Gym / Fitness Center
341,Gayrettepe mah,41.0641962,29.0067111,50db3a37e4b004dcfa6375ab,Selenium Panorama Gym And Sauna,41.06197305466088,29.009442184902497,337,Gym
570,Levent mah,41.0818288,29.0183512,50dd8156e4b0974a153efc69,GÃ¼rsel Spor,41.08418752428975,29.019479313503087,279,Gym
661,MuradiÌ‡ye mah,41.0484504,28.9987081,50ddca30e4b0e421da8b5fcd,IÅŸÄ±k okullarÄ± Aikido Dojo,41.04997744588759,28.993941888863485,434,Martial Arts Dojo
528,Konaklar mah,41.0934402,29.0139863,50dec826e4b05f3e832143a2,Mac EntertaÄ±ment Sports,41.09266862500489,29.019860097652515,500,Gym
465,NiÌ‡sbetiÌ‡ye mah,41.0717724,29.021261,50ded9a9e4b0eb1fdec75bb9,Spora Club Kangoo Jump,41.0688,29.0183532,411,Gym
174,Arnavutkoy mah,41.0684875,29.0416286,50eadb3fe4b06ad5a4a4c691,benefit spor center,41.069843672821705,29.040761992073833,167,Gym
709,TurkaliÌ‡ mah,41.0476515,29.00161829999999,50f9a397e4b03963582e7848,Lifepoint Beden ve Bilinc Gelisim Merkezi,41.04804015885906,28.995959800889885,477,Yoga Studio
665,MuradiÌ‡ye mah,41.0484504,28.9987081,50fecb06e4b0c9cf9f939c2c,work out,41.051972,28.998479,392,Gym
265,Balmumcu mah,41.0591046,29.0147137,5104027be4b06b57c6362139,Renaissance R Fitness& Spa,41.05926630032458,29.01036794493933,365,Gym / Fitness Center
483,NiÌ‡sbetiÌ‡ye mah,41.0717724,29.021261,5106a10de4b0d770d7e3a165,Gym Surprise,41.0696157048414,29.0170922868704,424,Gym
558,Levent mah,41.0818288,29.0183512,511158d5e4b05285fa7c5c75,Do's Sport Center,41.080196,29.018113,182,Gym / Fitness Center
167,Akat mah,41.0856143,29.0256257,5113f48ce4b0ed2ee11b1c3b,ÅžiÅŸli Terakki Fitness,41.08190989262285,29.024023147564023,433,Gym
318,DiÌ‡kiÌ‡liÌ‡tas mah,41.0557351,29.003801,511514b7e4b0e037747f1068,Pilates E,41.05559915119804,28.996892010474923,580,Yoga Studio
588,MeciÌ‡diÌ‡ye mah,41.0509393,29.021261,511b8f3ee4b0dd11cf7d8297,Namik Ekin GYM,41.051012763298864,29.02256534292117,109,Gym
502,NiÌ‡sbetiÌ‡ye mah,41.0717724,29.021261,511cf78c8aca7e5c55dafb43,NEOFÄ°T Personal Training Studio,41.07033014772309,29.02675786671869,488,Gym
472,NiÌ‡sbetiÌ‡ye mah,41.0717724,29.021261,511d01678aca7e5c55eebb94,NeoFit,41.0700338051079,29.02639389038086,472,Gym / Fitness Center
716,TurkaliÌ‡ mah,41.0476515,29.00161829999999,511d23d6e4b01fa8be7c0cf7,tesvikiye life point,41.048051868777485,28.998529047795653,263,Gym
356,Gayrettepe mah,41.0641962,29.0067111,51220cc8e4b0ed97f8224686,TT Fitness Center,41.06463335611078,29.007987144693242,117,Gym
221,EtiÌ‡ler mah,41.0870419,29.0372643,5123837fe4b0b01f1dcb3d5f,Le Meridien Spa and Gym,41.088953421869526,29.034477040357178,316,Gym / Fitness Center
126,SiÌ‡nanpasa mah,41.0418657,29.0051116,51290defe4b0edd35464c3ea,Kartalistan,41.04409742748156,29.002331681882243,340,Gym
305,DiÌ‡kiÌ‡liÌ‡tas mah,41.0557351,29.003801,512b7253e4b0e22f0cf5d103,Gym,41.05615,29.002571,113,Gym / Fitness Center
715,TurkaliÌ‡ mah,41.0476515,29.00161829999999,512c3ff5e4b0ab9563a7277e,GYM.,41.04531204819145,29.000279749000594,283,Gym / Fitness Center
589,MeciÌ‡diÌ‡ye mah,41.0509393,29.021261,51322df8e4b0bef1867a6bc2,FÄ±tness Radisson,41.047537838210644,29.024514681271288,466,Gym
168,Akat mah,41.0856143,29.0256257,513f157ae4b0bb7781ee84c9,ÅžiÅŸli Terakki YÃ¼zme Havuzu,41.08188920753071,29.02384246343683,440,Gym Pool
666,MuradiÌ‡ye mah,41.0484504,28.9987081,5141881ce4b018ed8441fb7b,On 4 On 2 Fitness,41.051979950676284,28.997687794679898,402,Gym
257,Balmumcu mah,41.0591046,29.0147137,5151d427e4b0af5eebaaa3ec,Renaissance Istanbul Bosphorus Fitness & Spa,41.06031976166975,29.010368629109493,388,Gym / Fitness Center
114,SiÌ‡nanpasa mah,41.0418657,29.0051116,515421b6e4b006679d23754c,W Sweat,41.04236,29.002721,208,Gym
237,EtiÌ‡ler mah,41.0870419,29.0372643,515468d3e4b0c4ec8b923eaf,pilates based mat with ayÅŸe hoca the best,41.088132,29.033562,333,Gym / Fitness Center
375,Yildiz mah,41.0471495,29.0139863,515a6bb8e4b09611230885bb,Ã‡iragan Palace Gym,41.044365016765724,29.016558042494427,377,Gym / Fitness Center
332,Gayrettepe mah,41.0641962,29.0067111,5162cf02e4b069b26abe0b80,Renaissance Bosphorus Hotel Fitness&Spa,41.0627282595924,29.011675872172432,447,Gym
490,NiÌ‡sbetiÌ‡ye mah,41.0717724,29.021261,51680bd5e4b0d5c0d6803dff,Nala Yoga,41.07394799146436,29.01773065549018,382,Yoga Studio
543,Levent mah,41.0818288,29.0183512,51692cc9e4b00b2b2cf1f9fb,Ä°brahim GÃ¼rbÃ¼z Pilates,41.083988089999764,29.019253927342742,252,Gym
404,Kultur mah,41.0732019,29.0329,516931b3e4b0640a3e06e773,Maya Residences Pilates Studio,41.0768302134407,29.032107203204447,409,Gym
189,Kurucesme mah,41.0616299,29.0329,51696edfe4b0653e8e0c4332,Savoy Neofit spor salonu,41.05896202026756,29.029607976424657,405,Gym
119,SiÌ‡nanpasa mah,41.0418657,29.0051116,51701560e4b068bd5f3ac0c8,GÃ¼nerspor Kulubu,41.04384593277705,29.005031551877906,220,Martial Arts Dojo
485,NiÌ‡sbetiÌ‡ye mah,41.0717724,29.021261,5172f0d9e4b0936903a28681,DoÄŸakent Spor Salonu,41.067505990947474,29.02366788718801,516,Gym / Fitness Center
194,Kurucesme mah,41.0616299,29.0329,517525cee4b09fc9488b2f43,Studio E,41.06060733839439,29.037051233101472,366,Gym / Fitness Center
693,TurkaliÌ‡ mah,41.0476515,29.00161829999999,5176b4ade4b00ec770ebeea6,AvÅŸar Fitness Center,41.04450938041925,29.00196790630302,351,Gym
653,MuradiÌ‡ye mah,41.0484504,28.9987081,517953ce498e1f75c1951d65,ZEROPOINTSPORT,41.05178763231672,28.996154288335834,428,Gym
611,Ortakoy mah,41.0539703,29.0270806,51795516e4b0b4b4794d4dba,beÅŸiktaÅŸ karate spor kulÃ¼bÃ¼,41.05662536621094,29.022737503051758,469,Martial Arts Dojo
514,Ulus mah,41.0632296,29.0270806,517ace1de4b0713f172be8a6,Nevra's Private Sport Center,41.06667639811913,29.024531730768587,439,Gym
62,CiÌ‡hannuma mah,41.0472111,29.0074387,517e4f02e4b04f1b74f611a0,Nafiz BaÅŸaran Boks Okulu,41.04538568155876,29.007219832787268,204,Martial Arts Dojo
243,EtiÌ‡ler mah,41.0870419,29.0372643,5182622e498e24380cef787c,Superslow Zone - Etiler,41.083693185044076,29.03304805783041,513,Gym / Fitness Center
520,Ulus mah,41.0632296,29.0270806,51829476498e24380f2e2786,platin pilates,41.0620791744727,29.029669226290082,252,Gym
383,Yildiz mah,41.0471495,29.0139863,5188a173498e65952c90d36e,Ã‡irgan Palace Fitness Centre,41.044222,29.017226,424,Gym
575,MeciÌ‡diÌ‡ye mah,41.0509393,29.021261,518a720e498e8928a2443553,One & OrtakÃ¶y Residence Training Room,41.05363966315998,29.021013770122554,301,Gym Pool
615,Ortakoy mah,41.0539703,29.0270806,5194f376498edb3599e8a601,Bodai Shin Kenpo Karate dojo,41.05841514463033,29.023349627800663,585,Martial Arts Dojo
106,SiÌ‡nanpasa mah,41.0418657,29.0051116,5198b846498e459560bb46c1,BeÅŸiktaÅŸ Gym Works,41.04470213672555,29.00344527835906,345,Gym / Fitness Center
583,MeciÌ‡diÌ‡ye mah,41.0509393,29.021261,519cca52498e1a978fff9c06,Escape Health Club Fitness,41.047600511087225,29.024648021145033,467,Gym
403,Kultur mah,41.0732019,29.0329,51a6e96c498edbcd731ea581,N-Fit Training Center,41.0712982944034,29.03012562200669,314,Gym / Fitness Center
386,Yildiz mah,41.0471495,29.0139863,51c088c5498e9608db7e7d75,Cihangir Sports Center Studio 2 - Crunch,41.044571887750756,29.01252841600522,311,Gym
224,EtiÌ‡ler mah,41.0870419,29.0372643,51cd60d6498eb94de1ff418f,Ä°nternational Lab's,41.08763105329182,29.037085329305352,67,Yoga Studio
156,Akat mah,41.0856143,29.0256257,51dadf47498ef6df3cbf320a,Athletics,41.08580119844425,29.026032079110266,39,Gym / Fitness Center
159,Akat mah,41.0856143,29.0256257,51de8d39498e7993b16cfb40,Athletic's,41.08579450530198,29.026145741265417,48,Gym / Fitness Center
187,Kurucesme mah,41.0616299,29.0329,51e50596498eb4224a284771,Kurucesme Santiye,41.059458784086715,29.03530095110663,314,Gym / Fitness Center
669,MuradiÌ‡ye mah,41.0484504,28.9987081,520baa1711d2aa319be8a9c2,Amerikan Hastanesi Spor Salonu,41.0526733546015,28.995611663768358,537,Gym / Fitness Center
541,Levent mah,41.0818288,29.0183512,521b932111d2fceeecfe55db,Fitintime,41.07929646348374,29.013723313152084,479,Gym / Fitness Center
162,Akat mah,41.0856143,29.0256257,5221b1c411d2e7bc4ae66ec2,Studio Gaye,41.089310402079875,29.02230959698506,496,Gym
438,Levazim mah,41.06331369999999,29.0183512,522ae32411d2e5c367338ee5,Balmumcu Orduevi Spor Salonu,41.062952812298846,29.014489248868657,326,Gym
70,CiÌ‡hannuma mah,41.0472111,29.0074387,5230240911d27365df7b0ac7,Studiomajere Pilates,41.046390033306814,29.00123466853749,528,Yoga Studio
226,EtiÌ‡ler mah,41.0870419,29.0372643,5235e80111d2bfb623a2eeb7,Bodyline - Art,41.08788228638725,29.03549049121774,175,Gym
165,Akat mah,41.0856143,29.0256257,5237f28711d29faa8b127dd5,StÃ¼dyo 3,41.087025,29.030656,450,Gym / Fitness Center
317,DiÌ‡kiÌ‡liÌ‡tas mah,41.0557351,29.003801,523dd0d711d20523cc923a0b,Jazz Gym,41.055323755394454,28.998506311285396,446,Gym
63,CiÌ‡hannuma mah,41.0472111,29.0074387,52498bbf498eda4a0ebcb0cd,TeÅŸvikiye Spor KulubÃ¼,41.047358,29.006613,71,Gym
270,Balmumcu mah,41.0591046,29.0147137,524c1be0498e0ba581dd3f30,B-fit Balmumcu,41.054972868583015,29.017257106568685,507,Gym
298,DiÌ‡kiÌ‡liÌ‡tas mah,41.0557351,29.003801,525353e793cdbe93df150916,CrossFit Coach Studio,41.05946789595669,29.007274812393995,507,Gym / Fitness Center
562,Levent mah,41.0818288,29.0183512,5257fae011d27f1ad212bbda,Fit Ä°n Time,41.079488592273826,29.014012219608016,447,Gym
195,Kurucesme mah,41.0616299,29.0329,52663d7a11d2f992c192ea3b,NuYu Gym,41.059484160250285,29.035374831681935,316,Gym
329,Gayrettepe mah,41.0641962,29.0067111,526d1b25498e3511145e5374,Flexy Pilates & Yoga,41.06535843355244,29.009614483060588,275,Yoga Studio
188,Kurucesme mah,41.0616299,29.0329,5279606811d2f277d1bb7b4a,KuruÃ§eÅŸme Muscle,41.06268514564531,29.036261335586698,305,Gym
258,Balmumcu mah,41.0591046,29.0147137,5282706e498e7c1a6017704b,YÄ±ldÄ±z Deniz Subay LojmanlarÄ± Fitness Salonu,41.05600879349352,29.01036500930786,502,Gym
721,ViÌ‡snezade mah,41.0415031,28.9987081,528b2ff811d25de53d85f877,Swissotel gym,41.04294690458238,28.997785935109565,178,Gym / Fitness Center
105,SiÌ‡nanpasa mah,41.0418657,29.0051116,528b5a1c11d280cd4e95abb2,SekYek FitnÄ±s salon,41.04735889157961,29.002922815364165,638,Gym / Fitness Center
746,ViÌ‡snezade mah,41.0415031,28.9987081,5290bdb5498ec7be1abf7e10,Studio-in,41.04490039923988,29.00020289268829,398,Gym
533,Levent mah,41.0818288,29.0183512,52948a1611d2fcb09f2ecbf5,TSYD FÄ°TNESS,41.081066938817834,29.020582294027754,205,Gym
240,EtiÌ‡ler mah,41.0870419,29.0372643,5295eb2411d2458da94e1a4c,Oxygen Fitness Etiler,41.08599940006514,29.04323168110351,513,Gym / Fitness Center
232,EtiÌ‡ler mah,41.0870419,29.0372643,5295fef111d224489e28d1d5,Oxygen Fitness Etiler,41.087536114545394,29.043279347027504,507,Gym
493,NiÌ‡sbetiÌ‡ye mah,41.0717724,29.021261,5297299111d2b1ded98fd03e,Evolution Pilates,41.07471852897334,29.024315770329448,416,Gym
143,Akat mah,41.0856143,29.0256257,529d2cde11d2f5ed6fd3d4e8,Club Sporium Kickboxing,41.086748769684846,29.023878165349593,193,Martial Arts Dojo
453,Levazim mah,41.06331369999999,29.0183512,529e0e3611d218ae6db58809,Silkar Fitness Club,41.065488242337224,29.017569695165722,250,Gym
486,NiÌ‡sbetiÌ‡ye mah,41.0717724,29.021261,529ee5c0498e681e85af294b,Evrim Pilates,41.07474383458095,29.02440624641245,423,Gym / Fitness Center
378,Yildiz mah,41.0471495,29.0139863,52a0acc711d2b0aa236d1ecc,4u Body&Fitness Center,41.04798930575048,29.010936997024842,272,Gym
208,Bebek mah,41.0777437,29.0416286,52a304f011d22e4bc65549b6,Mustafa HaÅŸhaÅŸ Kick Boks ve VÃ¼cut GeliÅŸtirme,41.08126397949186,29.035931736857993,618,Martial Arts Dojo
113,SiÌ‡nanpasa mah,41.0418657,29.0051116,52c58a5e498ed45de5eba49a,Fitness Conrad,41.04306249948507,29.00661166433426,183,Gym
295,DiÌ‡kiÌ‡liÌ‡tas mah,41.0557351,29.003801,52c74047498e827a0eb93362,cardiozzy personal training studio,41.05791492045531,29.000300122182367,381,Gym
234,EtiÌ‡ler mah,41.0870419,29.0372643,52c7c2a111d267f082689cd8,Ume Yoga,41.084436,29.035505,325,Yoga Studio
184,Kurucesme mah,41.0616299,29.0329,52d14b6b498e867eeb65c76f,Kurucesme Planet GYM,41.05800164122511,29.035999929740157,480,Gym
95,SiÌ‡nanpasa mah,41.0418657,29.0051116,52dea56f498ef6139e3526a9,Well Gym,41.04386422781461,29.00728623540557,287,Gym
564,Levent mah,41.0818288,29.0183512,52e0c055498e1165b00cd382,My Gym Etiler,41.07880145302291,29.021377541521876,421,Gym
269,Balmumcu mah,41.0591046,29.0147137,52f12269498ea21cecc8e723,the one terrace spinning studio,41.05704490859008,29.010038974755545,454,Gym
742,ViÌ‡snezade mah,41.0415031,28.9987081,52f8e17d498ed2dbf5a98b18,GÃ¼neÅŸ VÃ¼cut GeliÅŸtirme & Fitness,41.04548490063846,28.995340219446472,525,Gym / Fitness Center
574,Levent mah,41.0818288,29.0183512,52fd4580498edb0967fb44a2,WTF personal coaching,41.08511515192639,29.015914143807837,419,Gym
527,Konaklar mah,41.0934402,29.0139863,52fe69c6498eee8cee3819e9,Yenilevent Lojmanlari Spor Salonu,41.095336665523675,29.01543886057852,243,Gym
592,MeciÌ‡diÌ‡ye mah,41.0509393,29.021261,5302448d11d2964d7be0d94d,Broos Plates StudÄ±o,41.05098369000785,29.024185057284388,245,Gym
308,DiÌ‡kiÌ‡liÌ‡tas mah,41.0557351,29.003801,53078249498e6d68e8277ee7,sanli 1 fitness club,41.05828857421875,29.006444931030273,360,Gym
76,CiÌ‡hannuma mah,41.0472111,29.0074387,531f339b498ed8f1b640e8cb,Gym It,41.05117723876496,29.009686584836743,480,Gym
215,Bebek mah,41.0777437,29.0416286,53203b2e498ed7e8575c60e3,ðŸ’•Body ZoneðŸ’•,41.079290450967505,29.034562189717047,617,Gym
732,ViÌ‡snezade mah,41.0415031,28.9987081,5326fc13498e3687cf7ce4eb,Sport HOUSE MaÃ§ka,41.04482913066144,28.998824622123387,370,Gym
737,ViÌ‡snezade mah,41.0415031,28.9987081,53275061498e22824f0cc598,Ã‡Ä±raÄŸan Palace Health Club,41.04373568807778,29.001552973733062,344,Gym
354,Gayrettepe mah,41.0641962,29.0067111,53351c45498e08768862842a,Dedeman Istanbul LifeStyle,41.063084705792505,29.011243914825176,400,Gym / Fitness Center
244,EtiÌ‡ler mah,41.0870419,29.0372643,53355620498e1087fbf232af,Etiler Pilates Studio,41.087581738356846,29.03463606601632,228,Gym
649,MuradiÌ‡ye mah,41.0484504,28.9987081,53371f35498e795a6764c9da,Dunlop Sonic,41.048606872558594,28.997941970825195,66,Gymnastics Gym
323,DiÌ‡kiÌ‡liÌ‡tas mah,41.0557351,29.003801,533a9771498e2a68364f7a3e,Fitintime,41.052197847796016,29.00700299326976,476,Gym / Fitness Center
89,CiÌ‡hannuma mah,41.0472111,29.0074387,53565307498ee8ea15e83730,larespark hotel power plate,41.0450439453125,29.007648468017578,241,Gym / Fitness Center
316,DiÌ‡kiÌ‡liÌ‡tas mah,41.0557351,29.003801,5356a2ce498e62ac700e20f4,jazzy gym,41.056050347860214,28.998085685240003,481,Gymnastics Gym
371,Gayrettepe mah,41.0641962,29.0067111,535bfe99498e1b6703b86650,DoubleTree Istanbul Esentepe Spa & Fitness Center,41.068131912139926,29.004444953969056,477,Gym / Fitness Center
302,DiÌ‡kiÌ‡liÌ‡tas mah,41.0557351,29.003801,53608edf498e2c6f818bc9d4,AcÄ±badem Sports,41.05442102145489,28.999433692066653,394,Gym / Fitness Center
581,MeciÌ‡diÌ‡ye mah,41.0509393,29.021261,53634de9498ee61c4d1c0286,Princess Hotel Fitness & Health Club,41.049383,29.026531,475,Gym
603,Ortakoy mah,41.0539703,29.0270806,5371e7a4498edb312fb48206,skytrainingstudio,41.056756,29.022792,475,Gym
613,Ortakoy mah,41.0539703,29.0270806,5371e85f498eef29524e356f,SKYtrainingstudio,41.05657198310903,29.02271310704553,467,Gym
642,MuradiÌ‡ye mah,41.0484504,28.9987081,53836a36498e1b7adfcbabf6,NiÅŸantaÅŸÄ± Life & Spa Center,41.05200805736564,28.99587375734002,462,Gym / Fitness Center
310,DiÌ‡kiÌ‡liÌ‡tas mah,41.0557351,29.003801,53960b62498e7b5d5ba4c69c,Personel Trainer Fulya,41.058604,29.005201,340,Gym / Fitness Center
166,Akat mah,41.0856143,29.0256257,53ad4552498ec970f3c6da92,Gym,41.08392808360409,29.023207547503887,276,Gym
648,MuradiÌ‡ye mah,41.0484504,28.9987081,53b1892c498e1ac3c13602e5,Zin Pilatesâ€¢Yogaâ€¢25DK,41.05070675276621,28.998331335203417,253,Gym
670,TurkaliÌ‡ mah,41.0476515,29.00161829999999,53b53453498ec20e7df14927,TUNC FITNESS CLUB,41.04637660003525,29.00028093800298,180,Gym / Fitness Center
499,NiÌ‡sbetiÌ‡ye mah,41.0717724,29.021261,53c106c6498eb5bf28eff4c6,Urban Health Pilates Ulus,41.07152030675617,29.026664381980382,454,Gym
363,Gayrettepe mah,41.0641962,29.0067111,53db93b0498e4accb65ee950,Tulipa Spa&Wellness Fitnes Center,41.068085411436954,29.00434617241496,476,Gym / Fitness Center
181,Kurucesme mah,41.0616299,29.0329,53f878f0498e71a1e0e306f4,NeoFit,41.059024,29.029642,398,Gym
368,Gayrettepe mah,41.0641962,29.0067111,53fc638a498e41f50c3f4f6f,beauty fit,41.06770324707031,29.002471923828125,528,Yoga Studio
552,Levent mah,41.0818288,29.0183512,53ff4ada498e05edf9f65d30,Masc Pilates ( Management of Anatomy Sports Culture,41.084846,29.0132,547,Gym
697,TurkaliÌ‡ mah,41.0476515,29.00161829999999,5406e760498e57a3720dfc31,TunÃ§ Fitness Club,41.04650915318073,29.00026269681216,170,Gym / Fitness Center
591,MeciÌ‡diÌ‡ye mah,41.0509393,29.021261,5419b56f498e3c60277d0cc9,GO.MAX,41.05465328356815,29.020364612908566,420,Gym / Fitness Center
283,DiÌ‡kiÌ‡liÌ‡tas mah,41.0557351,29.003801,54202045498e2005467c3d08,MACFit,41.05683120170514,28.99910729631535,412,Gym / Fitness Center
419,Kultur mah,41.0732019,29.0329,542568b5498ea0cf9eb1d45b,D's Pilates,41.07231753850873,29.02889065672938,350,Gym / Fitness Center
695,TurkaliÌ‡ mah,41.0476515,29.00161829999999,5436cd20498ec3759075b4d6,Nuvola Fitness Center,41.045425,29.003576,297,Gym
712,TurkaliÌ‡ mah,41.0476515,29.00161829999999,544265db498e1428318ad3d0,GYM Puella Spor,41.04499435424805,29.002660751342773,308,Gym
289,DiÌ‡kiÌ‡liÌ‡tas mah,41.0557351,29.003801,5443ba5c498e6255f1454099,Gymworks DikilitaÅŸ,41.05378724268954,29.002597427635006,239,Gym
351,Gayrettepe mah,41.0641962,29.0067111,5444b0b3498edf77db02b1d9,Multifit,41.063651894865394,28.99989021992089,575,Gym
536,Levent mah,41.0818288,29.0183512,5457b2b9498eb97a8cc58140,ibm fitness center,41.08090097948461,29.011306435042687,600,Gym / Fitness Center
216,Bebek mah,41.0777437,29.0416286,5458b39a498e5bf7dc951c6f,WeMo - Wellness In Motion,41.079066074487116,29.04505794982806,323,Gym / Fitness Center
55,CiÌ‡hannuma mah,41.0472111,29.0074387,545bd48f498e3c9303fbd173,Ä°stanbul Pilates&Yoga Studio,41.04429064722007,29.0090394006284,351,Gym
582,MeciÌ‡diÌ‡ye mah,41.0509393,29.021261,5469bdc5498e75af095b4aad,GO.MAX Fitness Technology (ortakÃ¶y) one&residance,41.054780960194584,29.020171778812617,437,Gym / Fitness Center
610,Ortakoy mah,41.0539703,29.0270806,5475f9cb498e323e46be2ad7,UPAQUA OrtakÃ¶y,41.05663526858179,29.022343696467836,496,Gym / Fitness Center
506,Ulus mah,41.0632296,29.0270806,547b652b498ef97a10a547be,MACFit,41.058771759227234,29.02417934384095,552,Gym / Fitness Center
177,Kurucesme mah,41.0616299,29.0329,547c3c4c498e61d2bc9854fd,SmashFitPeople,41.06174477540034,29.035627341885018,229,Gym
500,NiÌ‡sbetiÌ‡ye mah,41.0717724,29.021261,5481e027498eb80c2a52d8f7,double h plates,41.074843280780954,29.020322489278655,350,Gymnastics Gym
469,NiÌ‡sbetiÌ‡ye mah,41.0717724,29.021261,5482f762498ee5d2bdbc32dc,Garanti BankasÄ± Fitness center,41.072719308091976,29.0170831783007,366,Gym / Fitness Center
322,DiÌ‡kiÌ‡liÌ‡tas mah,41.0557351,29.003801,5486cb50498ec850ace8ab3e,MK Pilates Studios & Academy,41.05359146865981,29.005926237288836,297,Gym / Fitness Center
206,Bebek mah,41.0777437,29.0416286,5489a5fb498ed979671d0b5f,Baps Pilates Bebek,41.07709989677083,29.04283043123197,123,Gym / Fitness Center
198,Bebek mah,41.0777437,29.0416286,549555a3498e349305bab512,Fitintime,41.07742351634799,29.04244982010511,77,Gym / Fitness Center
345,Gayrettepe mah,41.0641962,29.0067111,549ae935498ee55ba0f00875,Aura Spa & Wellness,41.0650719695912,29.003124139837965,316,Gym
158,Akat mah,41.0856143,29.0256257,549d4fee498e739daab8bd09,Etiler Pilates Studio,41.081390380859375,29.028188705444336,517,Gymnastics Gym
339,Gayrettepe mah,41.0641962,29.0067111,549d5088498e9fa6cea53b68,Etiler Pilatestudio,41.06840117589995,29.007310773657625,470,Gym
313,DiÌ‡kiÌ‡liÌ‡tas mah,41.0557351,29.003801,54a7a1a2498e5c3b360fb518,AcÄ±badem Cycle Studio,41.054419757560154,28.9994597260511,392,Cycle Studio
651,MuradiÌ‡ye mah,41.0484504,28.9987081,54bc1cbf498ec3ed3db178e8,Gym & Tonic,41.04863720937523,28.993663507968428,424,Gym / Fitness Center
555,Levent mah,41.0818288,29.0183512,54be3478498e312c6e05bc7a,basi pilates,41.083157821539295,29.014174820565277,380,Gym / Fitness Center
211,Bebek mah,41.0777437,29.0416286,54c375c6498ec42c9594f9ef,Pilates Akademi Bebek,41.079103785681006,29.045080155515866,326,Gym / Fitness Center
484,NiÌ‡sbetiÌ‡ye mah,41.0717724,29.021261,54c7a74b498efcff073086b5,GO.MAX Jatomi Bellevue,41.07013196730371,29.018092569214662,322,Gym / Fitness Center
170,Arnavutkoy mah,41.0684875,29.0416286,54da07bc498ea092a7ad3101,Hotel Les Ottomans,41.06728615967567,29.04321115737124,188,Gym / Fitness Center
688,TurkaliÌ‡ mah,41.0476515,29.00161829999999,54dde371498ee52f038cb2ec,Terrace Fulya The One,41.051475806512386,28.999148616404835,473,Gym / Fitness Center
49,CiÌ‡hannuma mah,41.0472111,29.0074387,54f1c626498ef860b7448d20,Allso Spor OkullarÄ±,41.04751528646154,29.009866913164814,206,Gym
411,Kultur mah,41.0732019,29.0329,550aad86498e503007accba6,Juice Bar,41.07735703371809,29.033198313177152,463,Gym
463,NiÌ‡sbetiÌ‡ye mah,41.0717724,29.021261,550ab6dd498ef4e6a6885817,Pilates Mafia,41.074816,29.024445,431,Gym
22,Abbasaga mah,41.0480102,29.0045285,55119bd2498ef1b309ae8340,Bloom Pilates,41.050515618779066,29.006981080601737,346,Gym
437,Levazim mah,41.06331369999999,29.0183512,5512d588498e5b9699c05d68,Zorlu Center Residence Fitness,41.06673483318878,29.0156865760273,441,Gym / Fitness Center
554,Levent mah,41.0818288,29.0183512,5530f9ea498e8463265b3caf,E-Fit Studio,41.08526176035408,29.019848730975163,402,Gym
319,DiÌ‡kiÌ‡liÌ‡tas mah,41.0557351,29.003801,55449821498ee15ea4aafada,Gym,41.05208053487365,29.006924274587167,483,Gym
640,MuradiÌ‡ye mah,41.0484504,28.9987081,5548bc68498e577bfea4bda1,Nefesin,41.04689977428217,28.994231787710362,413,Yoga Studio
559,Levent mah,41.0818288,29.0183512,554a25d6498eca79567f6726,E Fit Studio Akatlar,41.085714352888,29.02000625449103,454,Gym
738,ViÌ‡snezade mah,41.0415031,28.9987081,554a5f24498e47944b221224,Tommy's Homie Gym,41.044743,29.00098,407,Gym
202,Bebek mah,41.0777437,29.0416286,554ca48f498eb0c13b64ad58,Soul Train,41.078781790502426,29.04519547311641,320,Gym
21,Abbasaga mah,41.0480102,29.0045285,55523081498e5a1152b8034b,Cell,41.04895269466706,29.00382087919229,120,Gym
361,Gayrettepe mah,41.0641962,29.0067111,555cad66498e02e9b83ebd76,PT,41.063775,29.000384,533,Gym
540,Levent mah,41.0818288,29.0183512,556c08f4498e40bf38d3c260,GRBZ Pilates,41.083998995827514,29.019427922378302,257,Gym / Fitness Center
314,DiÌ‡kiÌ‡liÌ‡tas mah,41.0557351,29.003801,55829ffc498e3b830b3e3787,Kalindi Yoga,41.05623291300785,28.998778105574843,425,Yoga Studio
467,NiÌ‡sbetiÌ‡ye mah,41.0717724,29.021261,5583fde3498e1bf4ecfc5691,Mete Sports Personal Training,41.07408714070205,29.021677811868518,260,Gym
477,NiÌ‡sbetiÌ‡ye mah,41.0717724,29.021261,55a0f260498eb3b28cd43caa,RunningAcademy Performans Ã–lÃ§Ã¼m Merkezi,41.069941201949305,29.018030051759048,339,Gym / Fitness Center
557,Levent mah,41.0818288,29.0183512,55a37df6498e3ac249b02523,BASI Pilates Levent,41.082954832887914,29.01396210973678,389,Gym
475,NiÌ‡sbetiÌ‡ye mah,41.0717724,29.021261,55c1056b498e2023eea1d74f,Zincirlikuyu Jandarma lojmanlarÄ± Spor Salonu,41.071967,29.017056,353,Gym
414,Kultur mah,41.0732019,29.0329,55c55f83498e372c864c99c4,salasboxingfightclup,41.072131060956075,29.028237109885197,409,Gym / Fitness Center
405,Kultur mah,41.0732019,29.0329,55cc1ba5498e0c495fef7281,MyPT&lifecoach(ETÄ°LER) Training Studio,41.07531040082714,29.02856081524712,433,Gym
280,DiÌ‡kiÌ‡liÌ‡tas mah,41.0557351,29.003801,55cf35c7498ecd354058f625,MAC Fit Fulya,41.05672224024798,28.999106928634244,409,Gym
521,Ulus mah,41.0632296,29.0270806,55dc0bd7498e6f255910860e,MyPTulusPLATÄ°Nsitesi,41.062079,29.0296,247,Gym
741,ViÌ‡snezade mah,41.0415031,28.9987081,55e72651498eba4e1886b65e,Pilafit,41.04257114791353,28.999950073022738,158,Gym / Fitness Center
214,Bebek mah,41.0777437,29.0416286,55e85c05498e7a0888906b7a,Xbody Bebek,41.079129,29.04506,326,Gym
222,EtiÌ‡ler mah,41.0870419,29.0372643,55f6e813498eccb3370ea720,Fitness Center @ Le Meridien Etiler,41.088973,29.03442,321,Gym / Fitness Center
362,Gayrettepe mah,41.0641962,29.0067111,56094f0e498e9b2a6beaccb1,ROM Pilates,41.06868260372347,29.008717817979747,527,Gym
201,Bebek mah,41.0777437,29.0416286,560a9b76498e54da64565377,Urban Legend,41.075618179838564,29.037664963609878,408,Gym
424,Kultur mah,41.0732019,29.0329,561d37e1498ed6b44b224ae1,SalasBoxing,41.07186750196595,29.02822574382848,419,Boxing Gym
182,Kurucesme mah,41.0616299,29.0329,561fdbd5498efb955d84f23b,Les Ottomans GYM,41.05889733029044,29.035891957653117,394,Gym / Fitness Center
360,Gayrettepe mah,41.0641962,29.0067111,5629069f498e8a8e6dc9163b,Fibabanka Fitness Center,41.068565501911735,29.00682764966776,486,Gym
366,Gayrettepe mah,41.0641962,29.0067111,562a4ae7498e076d6c5c3e58,Foto SÃ¼mer,41.069365800284515,29.006975428931685,575,Yoga Studio
678,TurkaliÌ‡ mah,41.0476515,29.00161829999999,562f272f498e5cf3d9f7884d,Nuvola Fitness&Sauna,41.045555114746094,29.003528594970703,283,Gym
346,Gayrettepe mah,41.0641962,29.0067111,5634dc47498ec143085e7432,fit ozzy fitnessss,41.061826,29.009251,339,Gym
421,Kultur mah,41.0732019,29.0329,56463f5c498eb572f4b3c19f,Salas Boxing & Fight Club,41.071987,29.028286,410,Martial Arts Dojo
52,CiÌ‡hannuma mah,41.0472111,29.0074387,5646db2f498e8cd9555f80e0,Allso Academy,41.04756681634763,29.00991414373693,211,Gym
505,Ulus mah,41.0632296,29.0270806,5658b0d5498e1bd861aea257,goflaz's rehabilitation center,41.064851058556215,29.02785066348414,191,Gym / Fitness Center
623,MuradiÌ‡ye mah,41.0484504,28.9987081,565acc2c498e511a2af50c30,Life Style Spa & Fitness MaÃ§ka,41.046172265386,28.998270224173023,256,Gym / Fitness Center
169,Akat mah,41.0856143,29.0256257,565c6337498ee888639ffd72,Nefes Pilates,41.082693410039305,29.025319369654206,326,Pilates Studio
326,Gayrettepe mah,41.0641962,29.0067111,5674358b498e1445a9032100,Studyo Yesil,41.065483672712034,29.007103734076903,147,Yoga Studio
634,MuradiÌ‡ye mah,41.0484504,28.9987081,56745517498e116032d3bd40,Istanbul Defence Academy,41.04809840726492,28.99330524634398,455,Martial Arts Dojo
108,SiÌ‡nanpasa mah,41.0418657,29.0051116,56753add498e68008285ea0f,Semiha GenÃ§ Pilates Yoga Studio BeÅŸiktaÅŸ,41.047368104299586,29.003712884452284,623,Yoga Studio
556,Levent mah,41.0818288,29.0183512,5678165d498e5f7d9db58ef4,Etiler PÄ±rÄ±l GÃ¼zellik Merkezi,41.084615,29.020507,359,Gym / Fitness Center
282,DiÌ‡kiÌ‡liÌ‡tas mah,41.0557351,29.003801,56812a2b498e029dabf79fe9,MartÄ± Ä°stanbul Otel Spa,41.055502830778416,28.999302087146265,378,Gym
303,DiÌ‡kiÌ‡liÌ‡tas mah,41.0557351,29.003801,5687ee70498e219351b887cf,Sinerji Pilates,41.05746430677754,29.006486620055153,296,Gym
175,Kurucesme mah,41.0616299,29.0329,568bbbfc498e509369db945a,FitnessFactory,41.06175611098984,29.035654218550256,231,Gym
654,MuradiÌ‡ye mah,41.0484504,28.9987081,568c3da4498e619efad0b766,Fitintime NiÅŸantaÅŸÄ±,41.048460870403225,28.99351677283272,435,Gym
448,Levazim mah,41.06331369999999,29.0183512,5694b60c498e0529f37de5e3,Fit 2 Move,41.06009265374626,29.0219725989288,470,Gym
585,MeciÌ‡diÌ‡ye mah,41.0509393,29.021261,56978e23498e21a5b1cab15e,Republika Academic Aparts Fitness,41.05411226611438,29.020326130699193,361,Gym
204,Bebek mah,41.0777437,29.0416286,56979252498e1880255503e2,No 1 Bebek PT Studio,41.079752454695374,29.04492157207048,355,Gym / Fitness Center
235,EtiÌ‡ler mah,41.0870419,29.0372643,5697bfa5498e9e387aed0c86,pilatesworks,41.088732219608204,29.03280619642502,418,Gym / Fitness Center
297,DiÌ‡kiÌ‡liÌ‡tas mah,41.0557351,29.003801,5699202b498e932eb38d496f,Toraman Sports Lab,41.0535622057529,29.00605070702871,306,Gym / Fitness Center
112,SiÌ‡nanpasa mah,41.0418657,29.0051116,56a332a9498e392f53ba9a1e,Cardio Training Studio,41.043078445296615,29.003769723798577,175,Gym
212,Bebek mah,41.0777437,29.0416286,56a3becc498e3eaf7b64bce8,Kick Boks,41.07943742489059,29.037778617137814,374,Boxing Gym
307,DiÌ‡kiÌ‡liÌ‡tas mah,41.0557351,29.003801,56a9c616498e70193b99299c,AcÄ±badem Pilates Studio,41.05442099473515,28.999456059249823,392,Yoga Studio
233,EtiÌ‡ler mah,41.0870419,29.0372643,56b8df2d498e0e0d5fa65526,pilates works,41.088724,29.032901,411,Gym
720,ViÌ‡snezade mah,41.0415031,28.9987081,56cdb266cd1058a4fe84b6af,Retro Gym,41.043401455966126,29.000460459972505,257,Gym
624,MuradiÌ‡ye mah,41.0484504,28.9987081,56d6c2c0498efffdd7f722b1,BASI Pilates TeÅŸvikiye,41.047935219680845,28.994525468503625,355,Gym
117,SiÌ‡nanpasa mah,41.0418657,29.0051116,56e4ee3b498e069c59bfe09b,liferun,41.04514,29.001855,455,Track
399,Kultur mah,41.0732019,29.0329,56e57690498e13426cefd221,fitness lab,41.07427286494754,29.033533600618643,130,Gym
309,DiÌ‡kiÌ‡liÌ‡tas mah,41.0557351,29.003801,56e6e650498eb603a234e70b,Ece's Pilates Studio,41.05820098378896,29.006850384948383,375,Yoga Studio
423,Kultur mah,41.0732019,29.0329,56eabc56498e8912fe2c504a,"Gym 3,14",41.075356,29.028463,442,Gym / Fitness Center
508,Ulus mah,41.0632296,29.0270806,56f01c7f498e574e0bd61bae,Gracie Jiu-Jitsu Ä°stanbul,41.05886009193132,29.024660542848764,527,Martial Arts Dojo
16,Abbasaga mah,41.0480102,29.0045285,57213352498ea56bba06b0c5,Nidapark Fitness Centre,41.049155,29.005477,150,Gym
154,Akat mah,41.0856143,29.0256257,573af155cd100f50691f3671,WTF Personal Coaching,41.08817582869496,29.02265463348724,378,Gym / Fitness Center
535,Levent mah,41.0818288,29.0183512,573cccd6498ed0f35ce2e946,Muscle private training,41.083938,29.019035,241,Gym
173,Arnavutkoy mah,41.0684875,29.0416286,57584a3c498e0b821ecf25a9,ÅŸeker spor salonu,41.068865,29.040614,94,Gym
415,Kultur mah,41.0732019,29.0329,578e0760498ef730f15230fa,"Pilatist Pilates, Kickbox Studio",41.071254,29.031186,260,Pilates Studio
241,EtiÌ‡ler mah,41.0870419,29.0372643,5797695b498e5157571e028e,Pilates 11,41.083107,29.0355,462,Pilates Studio
242,EtiÌ‡ler mah,41.0870419,29.0372643,57acdb0c498eb43ff2c12e9d,GYMMY,41.087756,29.033513,324,Gym
358,Gayrettepe mah,41.0641962,29.0067111,57da4b03498ef70099e9133c,Mercure Otel Pasifik Fitness & Amatrra Spa,41.06258370584554,29.01147503167067,438,Gym / Fitness Center
675,TurkaliÌ‡ mah,41.0476515,29.00161829999999,57ef4366498efc88437f8abd,Sanem PÃ¶hrenk Training Studio,41.04957532464529,29.001069443595664,219,Gym / Fitness Center
227,EtiÌ‡ler mah,41.0870419,29.0372643,57f3cc3a498ed2bc019409ec,Pilates Studio Etiler,41.08525009831637,29.035717479779024,237,Pilates Studio
426,Kultur mah,41.0732019,29.0329,57f52e06498e1f07ad5d9668,Body Project Etiler,41.07525352503291,29.028446840560065,437,Gym / Fitness Center
350,Gayrettepe mah,41.0641962,29.0067111,57f53aaf498e1acf4ccf6447,Ã–zgÃ¼r StÃ¼dyo,41.067329,29.006668,348,Yoga Studio
147,Akat mah,41.0856143,29.0256257,57f635d3498e7b256fd58152,Club Sporium,41.087362,29.024049,235,Gym / Fitness Center
370,Gayrettepe mah,41.0641962,29.0067111,57f8a504498ed8acdb98a431,Ã‡elen Ramok Yol YaÅŸam StÃ¼dyosu,41.06140153209234,29.00894549629187,363,Yoga Studio
503,Ulus mah,41.0632296,29.0270806,57fb35c0498e9e77b666febc,Ulus Vadi Life Gym,41.065248,29.028551,256,Pilates Studio
703,TurkaliÌ‡ mah,41.0476515,29.00161829999999,57fd002a498e1678af829a96,studyyang (kickboks & muay thai),41.045477,29.000123,272,Gym
418,Kultur mah,41.0732019,29.0329,5801e3bd38faa9fbef90e656,body project personal training,41.07525,29.028546,430,Gym
334,Gayrettepe mah,41.0641962,29.0067111,5808f72138fa7ce988b46bd6,Club Jolly Sport Center,41.069183,29.007062,555,Gym / Fitness Center
144,Akat mah,41.0856143,29.0256257,581f55dc19fca3500118cd8f,Derya UmaÃ§ Pilates Studio,41.084805,29.02664,123,Pilates Studio
355,Gayrettepe mah,41.0641962,29.0067111,5822dbacda820231882085c9,mercure istanbul city bosphorus pasifik fitness SPA club,41.061921,29.010981,438,Gym / Fitness Center
336,Gayrettepe mah,41.0641962,29.0067111,582c4786d02c060c9ec3ba78,Yol YaÅŸam StÃ¼dyosu,41.063809,29.006598,44,Pilates Studio
561,Levent mah,41.0818288,29.0183512,582ef7dd0162176af691f970,S.E.T.S personal training studyo,41.086844354728704,29.018744523021784,559,Gym
652,MuradiÌ‡ye mah,41.0484504,28.9987081,58340df85804ea397b9f797c,Pilates&Move,41.05102188948632,28.994448299097034,458,Pilates Studio
658,MuradiÌ‡ye mah,41.0484504,28.9987081,583596f2dfa6ff689c3b5c2d,Beauty Art Personal Coaching,41.049242,28.992361,540,Gym
646,MuradiÌ‡ye mah,41.0484504,28.9987081,5836cc54ce593d4164efb435,Cigdem Cakir Pilates,41.048342,28.993158,466,Pilates Studio
225,EtiÌ‡ler mah,41.0870419,29.0372643,58430a5555d622400f346497,EVA Pilates Studio,41.088768,29.033375,378,Pilates Studio
260,Balmumcu mah,41.0591046,29.0147137,58482665ca107024cf8a3968,marven 'pilates & fitness studio',41.05685554124535,29.009764859277396,485,Pilates Studio
254,Balmumcu mah,41.0591046,29.0147137,58482792fc73d474f3c5da0f,Marven ' Pilates & Fitness Studio ',41.056887,29.009601,495,Pilates Studio
349,Gayrettepe mah,41.0641962,29.0067111,5852c16c52a05137728d5ad7,aida wellness club,41.06805809245331,29.004321534574178,474,Gym / Fitness Center
347,Gayrettepe mah,41.0641962,29.0067111,5852c36b040d535401c680a5,CLUB SLÄ°MMÄ°NG,41.063662,29.000383,534,Gym
539,Levent mah,41.0818288,29.0183512,5861093376f2ca787e83004b,SETS Levent Personel Training,41.08685281649836,29.01875505658166,560,Gym / Fitness Center
730,ViÌ‡snezade mah,41.0415031,28.9987081,586757706431e533bf2436d1,Macfit,41.043548,28.996573,289,Gym
461,NiÌ‡sbetiÌ‡ye mah,41.0717724,29.021261,586cd4fade0cbc35d7b4c6f5,Carrera Fitness & Spa Bellevue,41.07032889668504,29.018089218758714,310,Gym / Fitness Center
301,DiÌ‡kiÌ‡liÌ‡tas mah,41.0557351,29.003801,587bbec46d349d17a02a8532,BeÅŸiktaÅŸ jk fitness club,41.053011,29.001649,352,Gym / Fitness Center
526,Konaklar mah,41.0934402,29.0139863,587cd7f1f22995732d7b49eb,MSÃœ Spor Salonu,41.094604,29.01356,134,Gym / Fitness Center
57,CiÌ‡hannuma mah,41.0472111,29.0074387,589b350a55d622019070a7ac,Spor'da,41.050005,29.008613,326,Gym
140,Akat mah,41.0856143,29.0256257,58b0601358c4d129f8020f4a,Club Sporium Sauna,41.085144,29.024717,92,Gym / Fitness Center
397,Kultur mah,41.0732019,29.0329,58b18d7a4287c926c6b7d8ae,Ulus Pilates,41.07235574476257,29.029176292770543,326,Pilates Studio
735,ViÌ‡snezade mah,41.0415031,28.9987081,58b57dbeac329115d2bd48af,Aqua Jog Club,41.04610544458231,28.998523363668404,512,Gym / Fitness Center
330,Gayrettepe mah,41.0641962,29.0067111,58bee1e2b3cdc81ac4d3ee0c,Bi Training,41.063515,29.000309,542,Gym
433,Levazim mah,41.06331369999999,29.0183512,58c154e152a0514a81723474,ZONE Zorlu,41.06565979722527,29.016185245538153,318,Gym / Fitness Center
228,EtiÌ‡ler mah,41.0870419,29.0372643,58c78d18d25ded21044851ba,The Gym,41.087429920316126,29.042289715813826,423,Gym / Fitness Center
230,EtiÌ‡ler mah,41.0870419,29.0372643,58cce2cd76b8b27b764fd459,The Gym Etiler,41.087284,29.04214,409,Gym / Fitness Center
439,Levazim mah,41.06331369999999,29.0183512,58edeb072980db13cf3d927c,Zone,41.065556,29.016298,303,Gym
342,Gayrettepe mah,41.0641962,29.0067111,590b73710d8a0f1dd8770846,LE CÄ°EL,41.064028,29.010154,289,Gym / Fitness Center
343,Gayrettepe mah,41.0641962,29.0067111,590b76da2bf9a94532413471,Mex Training,41.06405398763349,29.010158092273596,289,Boxing Gym
207,Bebek mah,41.0777437,29.0416286,59119b2be65d0c0dcb50aa07,Be-Back Pt Studio,41.077446,29.042826,105,Gym
325,Gayrettepe mah,41.0641962,29.0067111,5911d4c635dfa75e1d7fca56,Le Ciel Dedeman Fitness & Swimming Center,41.06423945756161,29.01013759555006,287,Gym / Fitness Center
551,Levent mah,41.0818288,29.0183512,5912daeb3fcee8711d16d55b,Verda Kutsal Antigravity,41.078203,29.021731,493,Gym / Fitness Center
681,TurkaliÌ‡ mah,41.0476515,29.00161829999999,591d764db8fd9d0ce23a21af,Safa Mind & Body StÃ¼dyo,41.04661,28.99422,631,Pilates Studio
655,MuradiÌ‡ye mah,41.0484504,28.9987081,5926e8c82aff31298775c473,Yoga8,41.05190113790082,28.99573162308743,458,Yoga Studio
285,DiÌ‡kiÌ‡liÌ‡tas mah,41.0557351,29.003801,59304d516fd6265bab66c945,Åžems Yoga,41.054621,29.008155,385,Yoga Studio
337,Gayrettepe mah,41.0641962,29.0067111,59310f98724750442fc52179,Duru Pilates,41.06805081508961,29.006955535546926,429,Pilates Studio
199,Bebek mah,41.0777437,29.0416286,598319bb1499463427865760,Pilates Studio Bebek,41.08018010536524,29.04482816729163,381,Pilates Studio
153,Akat mah,41.0856143,29.0256257,598447d4535d6f7629a332a0,Fizyopilates,41.081512,29.028044,499,Gym / Fitness Center
596,Ortakoy mah,41.0539703,29.0270806,59943ba36eda027da302bbdd,Levent Bulut Fight Club,41.05590865716333,29.02288107311971,413,Gym
247,Balmumcu mah,41.0591046,29.0147137,59c10af225fb7b7fd7eca110,WUNDER Pilates&Yoga,41.058249903926566,29.011188120741707,310,Pilates Studio
641,MuradiÌ‡ye mah,41.0484504,28.9987081,59c4dc1cc4df1d02e4413705,Allso Academy NiÅŸantaÅŸÄ± Basketbol,41.045979,28.994635,438,Gym
644,MuradiÌ‡ye mah,41.0484504,28.9987081,59ce6fa5a9fe123f1c33d727,Do Pilates,41.05255451422289,28.99361752052436,625,Pilates Studio
149,Akat mah,41.0856143,29.0256257,59f32d45f00a7057ddc14530,CHILLAX,41.0806499389128,29.027803173827184,582,Gym / Fitness Center
476,NiÌ‡sbetiÌ‡ye mah,41.0717724,29.021261,59f33b59f96b2c39564ea90a,Etioks,41.075991,29.02132,469,Weight Loss Center
145,Akat mah,41.0856143,29.0256257,59fd6800a92d9866eb19fdca,CoreZone,41.089135,29.023462,431,Pilates Studio
645,MuradiÌ‡ye mah,41.0484504,28.9987081,59fd8f26112c6c13b9625308,May Pilates,41.052304,28.994602,550,Pilates Studio
626,MuradiÌ‡ye mah,41.0484504,28.9987081,5a088cc9c666664bdd2928b4,Ground and Pound Ä°stanbul,41.05018026068359,28.9940181472339,438,Martial Arts Dojo
291,DiÌ‡kiÌ‡liÌ‡tas mah,41.0557351,29.003801,5a1d5390e4c4594c8edd2072,Arena Fitness Center,41.053709,29.002581,247,Gym / Fitness Center
432,Levazim mah,41.06331369999999,29.0183512,5a250289c21cb16acf1c01a5,LevazÄ±m Sitesi Spor Salonu,41.063165,29.01847,19,Gym / Fitness Center
538,Levent mah,41.0818288,29.0183512,5a2ffc848ad62e3cde5e5bcd,Polestar Pilates Is Kuleleri 3,41.08222552323823,29.012848823013435,463,Pilates Studio
464,NiÌ‡sbetiÌ‡ye mah,41.0717724,29.021261,5a6340b966611622b6114cfc,AKADEMÄ°FÄ°T STUDYO,41.07463565754431,29.018094363950933,414,Gym
584,MeciÌ‡diÌ‡ye mah,41.0509393,29.021261,5a6f3af4cad1b62a635418ce,Aya Yoga Home Studio,41.052967,29.023256,281,Yoga Studio
631,MuradiÌ‡ye mah,41.0484504,28.9987081,5a858d2d9e0d546cf624f3df,Fizist Terapi Pilates,41.051675,28.998193,361,Gym
459,NiÌ‡sbetiÌ‡ye mah,41.0717724,29.021261,5a87e273018cbb6c4c1f7477,Ã–mer SeÃ§kin | Personel Training Studio,41.073974,29.018936,313,Gym
344,Gayrettepe mah,41.0641962,29.0067111,5a93918692e7a92dfd3788b0,@uÄŸurkaraa Gayrettepe,41.064855,29.009723,263,Gym / Fitness Center
550,Levent mah,41.0818288,29.0183512,5a9ba5b5054e29285d2464c8,AtÃ¶lye Sahne,41.077457,29.01991,503,Yoga Studio
98,SiÌ‡nanpasa mah,41.0418657,29.0051116,5a9ee7a41cf2e15a1eead5e2,W Hotel Fitness Gym,41.042221,29.002572,216,Gym / Fitness Center
548,Levent mah,41.0818288,29.0183512,5aab8c800868a22591a4c121,Aikido BozdoÄŸan SÃ¼per Ã‡ocuk Evi Dojo,41.083964,29.014171,423,Martial Arts Dojo
473,NiÌ‡sbetiÌ‡ye mah,41.0717724,29.021261,5aba7caa6bd36b71fd7f0919,Ã–mer SeÃ§kin Personal Training Studio,41.073836,29.018408,331,Gym / Fitness Center
482,NiÌ‡sbetiÌ‡ye mah,41.0717724,29.021261,5ac793dc4a7aae67f1ec83a7,Microsoft spor salonu,41.070766,29.018179,281,Gym / Fitness Center
335,Gayrettepe mah,41.0641962,29.0067111,5aee9ac5d807ee002cc3d69f,SÃ¼rmeli Health Club Fitness  & Spa,41.065077,29.00324,307,Gym / Fitness Center
324,Gayrettepe mah,41.0641962,29.0067111,5aff5118d0a149002c16b42f,The Power Pilates,41.065072,29.009645,264,Pilates Studio
171,Arnavutkoy mah,41.0684875,29.0416286,5b05496a98fbfc002cce136a,Warriorâ€™s Of Gym,41.069167,29.039606,185,Gym
524,Konaklar mah,41.0934402,29.0139863,5b1539fb005ac1002c5aa1f4,Harp Akademileri KoÅŸu Parkuru,41.096907,29.01348,388,Track
151,Akat mah,41.0856143,29.0256257,5b17cb9adb3aef0024e85628,Body Club No1903,41.08434000920063,29.0249796822985,151,Gym / Fitness Center
186,Kurucesme mah,41.0616299,29.0329,5b185ff6a0215b002cd7d289,The Wellness Bosphorus,41.0607151401866,29.036865234375,348,Gym / Fitness Center
203,Bebek mah,41.0777437,29.0416286,5b2527bb270ee7002ce09958,Selma CamgÃ¶z Antigravity Yoga,41.080361,29.044796,394,Yoga Studio
148,Akat mah,41.0856143,29.0256257,5b3631a7c0cacb002ce6e5a2,FiÌ‡zyoaktiÌ‡f SaÄŸlikli YaÅŸam MerkeziÌ‡,41.08941,29.022995,476,Gym / Fitness Center
412,Kultur mah,41.0732019,29.0329,5b5cc7ec4a7aae002c9d87a7,Vavspor EÄŸitim ve DanÄ±ÅŸmanlÄ±k,41.071959,29.02886,366,Gym / Fitness Center
259,Balmumcu mah,41.0591046,29.0147137,5b7110d0db2aeb002c9e02d9,UÄŸurkaraa BeÅŸiktaÅŸ,41.060797,29.011213,349,Gym / Fitness Center
333,Gayrettepe mah,41.0641962,29.0067111,5b8fcad98194fc0039070cac,Gym  At Fairmont,41.064385,28.999857,575,Gym
65,CiÌ‡hannuma mah,41.0472111,29.0074387,5ba10b8132b61d002c69e413,Macfit Spor Salonu,41.047783,29.00808,83,Gym / Fitness Center
246,Balmumcu mah,41.0591046,29.0147137,5bb30f57d41bb7002cdd3dd1,CORE Pilates&Fitness Studio,41.057521124873865,29.011342976045267,333,Pilates Studio
638,MuradiÌ‡ye mah,41.0484504,28.9987081,5bbf0e569fca56002c4aefff,Pilates Ä°stanbul,41.047251,28.993356,468,Pilates Studio
625,MuradiÌ‡ye mah,41.0484504,28.9987081,5bbf1194f62e09002c91edfd,Pilates Ä°stanbul,41.047268,28.993417,463,Pilates Studio
458,NiÌ‡sbetiÌ‡ye mah,41.0717724,29.021261,5beee5af67e5f2002ca3c7b4,Simyfit Pilates,41.074758,29.019426,366,Pilates Studio
172,Arnavutkoy mah,41.0684875,29.0416286,5c06ad306336be002c6df4b0,Train Garage,41.070104,29.04011,220,Gym
400,Kultur mah,41.0732019,29.0329,5c32d8200802d4002ce4e346,Wtf Personal Coaching,41.074253,29.034344,168,Gym / Fitness Center
431,Levazim mah,41.06331369999999,29.0183512,5c591039de3bbf0039a013d0,Mars Athletic Club,41.06541063742563,29.01635750346071,287,Gym
402,Kultur mah,41.0732019,29.0329,5c64363ea6031c002c76aaa3,T-FÄ°T TRAÄ°NÄ°NG CENTER,41.071841,29.030074,281,Gym
468,NiÌ‡sbetiÌ‡ye mah,41.0717724,29.021261,5c7fbc7f79f6c7002c67df4f,Flov Studio,41.074289,29.018651,355,Yoga Studio
436,Levazim mah,41.06331369999999,29.0183512,5c88b7fc270ee7002c3b4d39,Raffles Gym,41.066401,29.01769,348,Gym
408,Kultur mah,41.0732019,29.0329,5c910603475abd002c54f9f1,NamÄ±k Ekin Spor Merkezi,41.071851,29.028073,432,Gym
457,NiÌ‡sbetiÌ‡ye mah,41.0717724,29.021261,5c9ce99d66f3cd002ce8b074,Bodyography Studio,41.07179,29.01983,120,Gym / Fitness Center
637,MuradiÌ‡ye mah,41.0484504,28.9987081,5cb6b41275eee400393adab6,AltÄ± Pilates,41.051401,28.997451,344,Gym
633,MuradiÌ‡ye mah,41.0484504,28.9987081,5ce3c482588e36002c5fa4d8,360Fit,41.049185,28.992413,534,Gym / Fitness Center
331,Gayrettepe mah,41.0641962,29.0067111,5d1f668f06e5220023a5e4e8,Cc Pilates Studio,41.070254,29.005667,680,Pilates Studio
248,Balmumcu mah,41.0591046,29.0147137,5d27528d348eba00230fa67c,UÄŸur Kara Spor Merkezi - BeÅŸiktaÅŸ,41.06139467080398,29.01153981685638,368,Gym / Fitness Center
138,Akat mah,41.0856143,29.0256257,5d6e8e7a92ab4500085a3bcb,Wing Chun Akatlar,41.087445,29.024343,230,Gym / Fitness Center
456,NiÌ‡sbetiÌ‡ye mah,41.0717724,29.021261,5d8f729ea4e616000864bd60,Kg Sports,41.070633,29.020124,158,Gym / Fitness Center
374,Yildiz mah,41.0471495,29.0139863,5dda4d88adf2c200089162ed,Macfit Fulya BeÅŸiktaÅŸ,41.043824,29.011216,437,Gym / Fitness Center
93,SiÌ‡nanpasa mah,41.0418657,29.0051116,5dda4df02c3a7a0008d49b6c,Macfit Fulya BeÅŸiktaÅŸ,41.043158,29.006268,173,Gym / Fitness Center
471,NiÌ‡sbetiÌ‡ye mah,41.0717724,29.021261,5df49c40b519ae000878497d,Atlante Gym,41.07033,29.01807,312,Gym / Fitness Center
671,TurkaliÌ‡ mah,41.0476515,29.00161829999999,5e18b513c5797e0008843f52,Yoga8 BeÅŸiktaÅŸ,41.049236,29.000923,185,Yoga Studio
393,Kultur mah,41.0732019,29.0329,5e297ae5b7ef1d000858fe4a,Fit Af Etiler,41.074376,29.03398,159,Gym / Fitness Center
395,Kultur mah,41.0732019,29.0329,5e3abc688ed05e000831aae0,Fit Corner,41.075535,29.029065,413,Gym / Fitness Center
621,MuradiÌ‡ye mah,41.0484504,28.9987081,5ede5be57aff190727adb6a8,Pinestudio,41.048667,28.996158,215,Pilates Studio
