,Venue Id,Venue Checkins Count,Venue Checkin User Count,Venue Url,Venue Twitter,Venue Instagram,Venue Phone,Venue Formatted Phone,Venue Rating,Venue Description,Venue Created,Venue Tips Count,Venue Likes Count
0,4b66f145f964a52075312be3,0,0,,,,,,0.0,,1265037637,0,0
1,4b703459f964a520830b2de3,0,0,http://www.marsathletic.com,mars_athletic,,+902122638696,+90 212 263 86 96,8.8,,1265644633,52,317
2,4b7aed0ef964a52089462fe3,0,0,https://www.hillside.com.tr,hillsideleisure,,+902123522333,+90 212 352 23 33,8.9,,1266347278,129,1088
3,4ba67962f964a520265639e3,0,0,,,,,,0.0,,1269201250,0,0
4,4bc89f2192b376b0bdcb513a,0,0,,,,,,0.0,,1271439137,1,0
5,4be97d20c5220f478ee2aaca,0,0,http://akatlar.clubsporium.com.tr,clubsporium,,+902123854910,+90 212 385 49 10,8.4,Sporla dolu yaşam merkezi,1273593120,236,1135
6,4c14c74682a3c9b66bbcfdf8,0,0,,,,,,6.3,,1276430150,24,12
7,4c37666c93db0f4737b51f92,0,0,http://www.marsathletic.com,mars_athletic,,+902122324440,+90 212 232 44 40,8.6,,1278699116,151,786
8,4c4ae6c79c8d2d7fe10e316a,0,0,http://www.itu.edu.tr,itu1773,,,,7.9,,1279977159,6,37
9,4c51ab6b1c67ef3be50f1bb9,0,0,,,,+902123276393,+90 212 327 63 93,7.3,,1280420715,6,44
10,4c585cd0d12a20a1a2d768bd,0,0,,,,,,7.1,,1280859344,6,57
11,4c6667d6e75ac9280676f7da,0,0,http://www.essporto.com,essporto,,+902123440666,+90 212 344 06 66,6.8,,1281779670,344,941
12,4c6fc3e79c6d6dcba464d07a,0,0,,,,,,7.5,,1282393063,23,103
13,4c96571203413704ac9483ef,0,0,,,,,,7.5,,1284921106,7,35
14,4c990c719c663704c5bf4cfd,0,0,,,,,,0.0,,1285098609,1,1
15,4cb076a3cbab236adb65a073,0,0,http://www.pointhotel.com,,,+902123373037,+90 212 337 30 37,7.9,,1286633123,61,296
16,4cbe86b6021ca143ba06560c,0,0,,,,,,0.0,,1287554742,3,4
17,4cc172a6083a9c7440223778,0,0,,utimewellness,,,,7.1,,1287746214,7,8
18,4cc70557c844721ec909f801,0,0,,,,,,0.0,,1288111447,1,1
19,4cd04f637b685481f3c5c0f8,0,0,http://akatlar.clubsporium.com.tr,,,,,8.9,,1288720227,26,105
20,4ced3a2728abb60ca1b8b609,0,0,,,,,,0.0,,1290615335,0,0
21,4cf628caf4478eecdc8710b7,0,0,,besiktas,,,,8.4,,1291200714,25,210
22,4cf7e30bd3a8a1cd432fd943,0,0,,,,,,7.9,,1291313931,1,12
23,4cf904d4d76da35d9354ca2c,0,0,,,,,,0.0,,1291388116,0,0
24,4d1393e2058fa35d3e5d2f9f,0,0,,,,,,0.0,,1293128674,0,0
25,4d14493d85fc6dcbaa92964e,0,0,,,,,,0.0,,1293175101,0,1
26,4d18dc346c8b5481f552f4cc,0,0,,,,+902122156070,+90 212 215 60 70,6.5,,1293474868,86,209
27,4d29f373915fa093f1a30a0a,0,0,,,,,,0.0,,1294594931,0,4
28,4d2f2ab9e043548174d8b6ed,0,0,,elifit,,,,7.4,,1294936761,3,6
29,4d31776df8c9224b9a31a7d2,0,0,,,,,,0.0,,1295087469,0,0
30,4d3725eac47db1f7532feda5,0,0,,,,,,0.0,,1295459818,0,0
31,4d4a33d583eda1cdb555b0b1,0,0,,,,,,0.0,,1296708565,0,0
32,4d6a60041a88b1f70c04375d,0,0,,,,,,0.0,,1298817028,1,1
33,4d761570ec646dcb82abf510,0,0,,,,,,0.0,,1299584368,0,0
34,4d78bdc2109eb1f730dd5306,0,0,,,,,,0.0,,1299758530,1,3
35,4d7cf6aef260a093968043ba,0,0,,,,,,0.0,,1300035246,1,2
36,4d80855f6bd8b60cb24d4a7c,0,0,,,,,,7.5,,1300268383,1,9
37,4d95cd7ab188721e55a4e636,0,0,,,,,,0.0,,1301663098,0,0
38,4d9602ff0caaa143df746cb3,0,0,,,,,,7.5,,1301676799,8,9
39,4d9b30ba03d8721ebfd5e124,0,0,http://t.co/j1wxfc6NaU,pilatesbaps,,+902122637507,+90 212 263 75 07,7.5,,1302016186,8,17
40,4da47b620f578cfa57f9cf18,0,0,,,,,,0.0,,1302625122,0,1
41,4dac54c35da3ba8a47b3b43f,0,0,,,,,,0.0,,1303139523,0,0
42,4db29a5643a17e74378d0d7a,0,0,,,,+902123246108,+90 212 324 61 08,0.0,,1303550550,0,0
43,4dbae5066e815ab0de5d1845,0,0,,,,,,8.9,,1304093958,6,58
44,4dc2cbc945ddd5b5b6b4b5bc,0,0,,,,,,0.0,,1304611785,2,1
45,4dc41c0e18387d1bd51a5e60,0,0,,,,,,0.0,,1304697870,1,3
46,4dcbaacfd4c0dfa030d4c599,0,0,,,,,,0.0,,1305193167,1,3
47,4dd299cfae60fb3f53c486f8,0,0,,,,,,0.0,,1305647567,0,2
48,4dd2a4a9d16465f3f95719c6,0,0,,,,,,0.0,,1305650345,0,0
49,4dda8fa41f6ee146836d0044,0,0,,,,,,0.0,,1306169252,4,0
50,4de0b20dc65bcc724f460522,0,0,,,,+902122590503,+90 212 259 05 03,0.0,,1306571277,0,6
51,4decc12efa76cc1b8b1e7abc,0,0,,,,,,0.0,,1307361582,0,1
52,4decf4d722713dd973d238fc,0,0,,,,,,7.6,,1307374807,3,9
53,4dfc661fb0fb84d7ace0142d,0,0,,,,+902123525040,+90 212 352 50 40,8.2,,1308386847,1,8
54,4e042b37e4cd92cb899cafc4,0,0,,,,,,7.5,,1308896055,2,14
55,4e0db686fa76d62f4440ef68,0,0,,,,,,0.0,,1309521542,0,5
56,4e116520b3adf2a0f5a2d5c6,0,0,https://conradhotels3.hilton.com/en/hotels/turkey/conrad-istanbul-bosphorus-ISTHCCI/amenities/spa.html,,,,,8.5,Health Club & Spa Soul set within the exquisite Conrad Istanbul Bosphorus is the ideal destination for relaxation.,1309762848,22,50
57,4e15e3aad4c0e3d78b3117cb,0,0,,,,,,0.0,,1310057386,0,0
58,4e22a52d62e1964dbb73daae,0,0,,,,,,0.0,,1310893357,0,0
59,4e22f6cce4cdf68591949534,0,0,,,,,,0.0,,1310914252,1,1
60,4e2700da483b329ccb4057c7,0,0,,,,,,0.0,,1311178970,0,1
61,4e2ec1961838f1c552bd52b2,0,0,http://www.theplazahotel.com.tr,,,+902123702020,+90 212 370 20 20,6.8,"Otelimizin 4B katında yer alan, her gün 07.00-22.00 saatleri arasında hizmet veren The Plaza Gym'de Plazma TV'ler eşliğinde Cybex kondisyon aletleri, kişiye özel fitness programı, terapatik uygulamalar, stretching, havuz, jakuzi, sauna, vitamin bar ile günün yorgunluğunu ve stresini atabilirsiniz.",1311687062,0,6
62,4e37156b091ae705a0f9af26,0,0,,,,,,0.0,,1312232811,0,4
63,4e64e94fd22d509a3aaa5fe1,0,0,,,,,,0.0,,1315236175,1,4
64,4e687b1e52b128a09ebdf3b2,0,0,http://www.nafizbasaran.com,,,,,0.0,,1315470110,1,4
65,4e68fc91d22df5c11f8d8805,0,0,,,,,,0.0,,1315503249,0,2
66,4e79ea90b61c0c4cb56323e2,0,0,,,,,,0.0,,1316612752,0,0
67,4e7d9d89f7900294813f1f5d,0,0,,,,,,0.0,,1316855177,0,0
68,4e89be292c5b673ad54cd1e7,0,0,,,,+902122124600,+90 212 212 46 00,7.5,,1317649961,3,7
69,4e89cdf1cc212845e5b07aeb,0,0,,,,+902122586858,+90 212 258 68 58,7.0,,1317654001,17,32
70,4e89e54b7ee6a22446669cf9,0,0,,,,,,7.4,,1317659979,4,10
71,4e89f9724690ceb3f17adc1d,0,0,http://www.mi-estilo.net,miestilogym,,+902122591022,+90 212 259 10 22,7.7,,1317665138,36,170
72,4e8edadeb803483190689f53,0,0,,,,,,0.0,,1317984990,0,0
73,4e931eb055037de99d9cefab,0,0,,,,,,0.0,,1318264496,1,1
74,4e9360a28b81592e629995df,0,0,,,,,,0.0,,1318281378,0,0
75,4e995f618b81f3191334635f,0,0,,,,+902123513656,+90 212 351 36 56,0.0,,1318674273,1,2
76,4e99efd261afc418b981b041,0,0,,,,,,0.0,,1318711250,0,0
77,4e9d4b9602d527780616d531,0,0,,,,,,0.0,,1318931350,0,0
78,4ea98d24490158681b0d5fc1,0,0,,,,,,0.0,,1319734564,0,0
79,4eadaee89911d5c951671ee4,0,0,,,,,,0.0,,1320005352,0,0
80,4eaeb68882315d0ca61f6999,0,0,,,,,,0.0,,1320072840,0,0
81,4ec2ac6b9adf5630f701a3e0,0,0,,,,,,0.0,,1321380971,1,3
82,4ec51678f790c16e5238c264,0,0,,,,,,5.6,,1321539192,0,4
83,4ecd1e4a2c5b26aab95c9c7d,0,0,,,,,,0.0,,1322065482,1,0
84,4ed2590ce3007feb7fca72a5,0,0,,,,,,0.0,,1322408204,0,0
85,4ed3d7c399114b488c0c5a3c,0,0,,,,,,0.0,,1322506179,0,0
86,4ed7f2e993adde11f9a39076,0,0,,,,,,0.0,,1322775273,0,0
87,4eeb3538b634b469c34e7ba3,0,0,,,,,,0.0,,1324037432,0,1
88,4eef97d6f9ab8c5a0419c967,0,0,,,,,,0.0,,1324324822,1,2
89,4ef87351f790731252bff7a3,0,0,,,,,,0.0,,1324905297,0,4
90,4f0acdd4e4b08f524b162dfc,0,0,,,,+902122797712,+90 212 279 77 12,0.0,,1326108116,1,0
91,4f0b2d03e4b0fcefab4a7ac7,0,0,,,,+902122599171,+90 212 259 91 71,6.8,"Sağlıklı yaşam, zinde bir vücut için  ''GYM works''.",1326132483,56,320
92,4f0c675be4b0065899eb0a8c,0,0,,,,,,9.2,,1326212955,7,143
93,4f20387fe4b03be7a562e2b8,0,0,,,,,,7.7,,1327511679,3,9
94,4f2ac9d7e4b0e2cf5e86fa57,0,0,,,,,,8.9,,1328204247,2,44
95,4f3522aae4b01f8cbc93802c,0,0,,,,,,0.0,,1328882346,0,1
96,4f352c0ee4b0ba1c47ecab3f,0,0,,,,,,0.0,,1328884750,0,0
97,4f36705ae4b0e313d267887c,0,0,,,,,,0.0,,1328967770,0,1
98,4f3e0684a17cd1c4c4c43db3,0,0,http://www.b-fit.com.tr,,,+902122124600,+90 212 212 46 00,0.0,,1329464964,0,0
99,4f3f8726e4b0b5869f7cf0c9,0,0,,,,,,0.0,,1329563430,1,3
100,4f426558e4b0f4a9fc6c9b70,0,0,,,,,,0.0,,1329751384,1,1
101,4f4d1041e4b0b2a2fd5fd07f,0,0,,,,,,6.9,,1330450497,1,7
102,4f571209e4b0be1ce2d5463b,0,0,http://www.etilerboks.com,,,+902122653845,+90 212 265 38 45,9.4,,1331106313,9,131
103,4f5cb2fbe4b01219ac44d7ca,0,0,,,,,,0.0,,1331475195,0,0
104,4f5e304fe4b0c4b68b4b6828,0,0,,,,,,8.9,,1331572815,19,63
105,4f7429f6e4b026e7916eca0b,0,0,http://www.avantgardespa.net,,,+902122672333,+90 212 267 23 33,7.4,,1333012982,41,160
106,4f748e3be4b0f3ab58ac89e4,0,0,,,,,,0.0,,1333038651,0,0
107,4f906c4be4b09decf96a6df0,0,0,,,,,,0.0,,1334864971,0,1
108,4f957f30e4b01b89912bc7e0,0,0,,,,,,0.0,,1335197488,0,0
109,4f95be7de4b0d668ffb66a64,0,0,,,,,,8.7,,1335213693,11,83
110,4f9bc0c7e4b08ea038eca857,0,0,,,,,,0.0,,1335607495,0,0
111,4f9d39f5e4b0ef2f716320f1,0,0,,,,,,0.0,,1335704053,0,0
112,4fae2107e4b0664ab7791009,0,0,,,,,,0.0,,1336811783,1,3
113,4faffe62e4b0861ead2dc747,0,0,,,,,,0.0,,1336933986,0,0
114,4fb73636e4b01fc5324c57da,0,0,,,,,,7.5,,1337407030,5,19
115,4fb91c39e4b002b8bbaa24bc,0,0,,,,,,0.0,,1337531449,0,0
116,4fc4f5d4e4b02a2bec17c30a,0,0,http://fbf.bz/b/l9,,,+902122848174,+90 212 284 81 74,0.0,,1338308052,0,0
117,4fc5061ce4b02a2bec1ed4be,0,0,http://fbf.bz/b/O1,,,+902122652354,+90 212 265 23 54,0.0,,1338312220,0,1
118,4fc77c66e4b06af1d0f968e4,0,0,,,,+902122364176,+90 212 236 41 76,0.0,,1338473574,0,3
119,4fc9b8c9e4b0f9aeca841504,0,0,,,,+902123812121,+90 212 381 21 21,0.0,,1338620105,0,1
120,4fcd42e8e4b0b705e87c3786,0,0,http://fbf.bz/b/3uM,,,+902123278714,+90 212 327 87 14,0.0,,1338852072,0,0
121,4fcdfa55e4b0c300d50367ba,0,0,http://fbf.bz/b/6Ac,,,+902123275313,+90 212 327 53 13,0.0,,1338899029,0,0
122,4fce2562e4b0155a2eabb5ec,0,0,http://fbf.bz/b/7r1,,,+902122740668,+90 212 274 06 68,0.0,,1338910050,0,0
123,4fd04bf9e4b00dbf7d8d8276,0,0,,,,,,0.0,,1339051001,1,0
124,4fd08cb1e4b0da17b0341523,0,0,,,,,,0.0,,1339067569,0,1
125,4fd39809e4b0a8f57126ea38,0,0,,,,,,0.0,,1339267081,1,0
126,4fd4e627e4b0a071e1d8148e,0,0,,,,,,0.0,,1339352615,0,0
127,4fd8489be4b02579a17d33e4,0,0,,,,+902123527046,+90 212 352 70 46,0.0,,1339574427,2,1
128,4fdc22d3e4b090d3f585e5bf,0,0,,,,,,7.9,,1339826899,3,9
129,4fdee8cce4b044e8235978ed,0,0,,,,,,0.0,,1340008652,0,4
130,4fe34efde4b0fcbc9309fe10,0,0,,,,,,0.0,,1340296957,0,0
131,4fe3b235e4b043458f13e2b6,0,0,,,,,,0.0,,1340322357,0,0
132,4fea530ad5fb2dc8becacdae,0,0,,wellgymistanbul,,+902122270066,+90 212 227 00 66,0.0,,1340756746,0,3
133,4feff5ace4b0ccc775a19318,0,0,http://www.pilatesfnb.com,pilatesfnb,,,,8.4,,1341126060,7,12
134,4ff7eb06e4b042cc2a9f7b77,0,0,,,,,,0.0,,1341647622,1,5
135,50018ef7e4b05e79b09c2a56,0,0,,,,,,7.7,,1342279415,2,21
136,50055a0ee4b0f953a324a953,0,0,,,,,,0.0,,1342528014,0,1
137,500a96fbe4b02a36e9dd8c64,0,0,,,,,,7.6,,1342871291,5,10
138,502aa0b9e4b0cb56a8b7b059,0,0,,,,,,0.0,,1344970937,0,0
139,50360252e4b0e3f1e5cd72cd,0,0,,,,,,0.0,,1345716818,0,1
140,5037c343e4b0f46ba0c8a27a,0,0,,,,,,7.8,,1345831747,3,23
141,5049a55ae4b0e1f266630d8e,0,0,,,,,,0.0,,1347003738,0,0
142,504a3204e4b00c0107c4ac40,0,0,http://www.papistanbul.com,papistanbul,,+902122315887,+90 212 231 58 87,9.2,,1347039748,4,35
143,504e0fcfe4b050eb2b45594e,0,0,,,,,,0.0,,1347293135,0,2
144,5052ec4ee4b0244ddd41735d,0,0,,,,,,0.0,,1347611726,2,3
145,505a5c8fe4b0279819a840bf,0,0,http://fbf.bz/b/fNL,,,+905335601031,+90 533 560 10 31,0.0,,1348099215,0,0
146,505ee6c1e4b0afdc79a558ab,0,0,,,,,,0.0,,1348396737,0,0
147,5065a2a4e4b06062647e78cf,0,0,,,,,,8.5,,1348838052,6,18
148,5069b20ee4b029886611e4c6,0,0,,,,,,0.0,,1349104142,0,0
149,506c0b4ce4b09eff15bd863d,0,0,,,,,,0.0,,1349258060,0,0
150,507459b7fe7097adb9e0c1cf,0,0,,cilekspor,,+902122363180,+90 212 236 31 80,0.0,,1349802423,3,3
151,507584a7e4b09eeb0428604a,0,0,,,,,,0.0,,1349878951,0,0
152,5077e28be4b0df11c87f0823,0,0,,,,,,0.0,,1350034059,0,2
153,507d9626e4b0ff7c67d968a0,0,0,,,,,,0.0,,1350407718,0,0
154,50803e98e4b093287aa41207,0,0,,,,,,0.0,,1350581912,1,3
155,508bd76de4b0988211a05c68,0,0,,,,,,9.0,,1351341933,14,50
156,50980060e4b0272e115cb81e,0,0,,,,,,0.0,,1352138848,0,0
157,50994a80e4b062b9e4472a0a,0,0,,,,,,0.0,,1352223360,0,0
158,50acb6d9e4b0f9c3315f3fd5,0,0,,,,,,0.0,,1353496281,0,0
159,50ae3f6ce4b00b39bbfb52fe,0,0,,,,,,0.0,,1353596780,0,0
160,50b8ba7be4b0073faa8efd2b,0,0,,urbanhealthpila,,+902122242872,+90 212 224 28 72,9.2,,1354283643,19,68
161,50cc76dce4b0b0b97c7affd7,0,0,,,,,,7.0,,1355577052,2,7
162,50cc7f39e4b06fef2129961c,0,0,http://solopilatesstudio.com,,,+905300689737,+90 530 068 97 37,8.4,,1355579193,2,13
163,50d1a55fe4b0ef9beb063a77,0,0,,,,+902123224611,+90 212 322 46 11,0.0,,1355916639,1,5
164,50d2e821e4b057df6643df2f,0,0,,,,,,0.0,,1355999265,0,1
165,50db3a37e4b004dcfa6375ab,0,0,,,,,,0.0,,1356544567,0,1
166,50dd8156e4b0974a153efc69,0,0,,,,,,0.0,,1356693846,0,0
167,50ddca30e4b0e421da8b5fcd,0,0,,,,+905325722323,+90 532 572 23 23,0.0,,1356712496,1,0
168,50dec826e4b05f3e832143a2,0,0,,,,,,0.0,,1356777510,0,1
169,50ded9a9e4b0eb1fdec75bb9,0,0,,,,,,0.0,,1356781993,0,0
170,50eadb3fe4b06ad5a4a4c691,0,0,,,,,,0.0,,1357568831,1,1
171,50f9a397e4b03963582e7848,0,0,,,,,,0.0,,1358537623,0,0
172,50fecb06e4b0c9cf9f939c2c,0,0,,,,,,0.0,,1358875398,0,0
173,5104027be4b06b57c6362139,0,0,,,,+902123407061,+90 212 340 70 61,8.5,,1359217275,11,100
174,5106a10de4b0d770d7e3a165,0,0,,,,,,0.0,,1359388941,0,0
175,511158d5e4b05285fa7c5c75,0,0,,,,,,0.0,,1360091349,0,0
176,5113f48ce4b0ed2ee11b1c3b,0,0,,,,+902123510060,+90 212 351 00 60,7.3,,1360262284,1,14
177,511514b7e4b0e037747f1068,0,0,,,,,,0.0,,1360336055,0,0
178,511b8f3ee4b0dd11cf7d8297,0,0,,,,,,0.0,,1360760638,0,0
179,511cf78c8aca7e5c55dafb43,0,0,,,,+902122803303,+90 212 280 33 03,8.6,,1360852876,6,25
180,511d01678aca7e5c55eebb94,0,0,,,,+902122803303,+90 212 280 33 03,0.0,,1360855399,1,1
181,511d23d6e4b01fa8be7c0cf7,0,0,,,,,,0.0,,1360864214,0,0
182,51220cc8e4b0ed97f8224686,0,0,,,,,,0.0,,1361185992,1,2
183,5123837fe4b0b01f1dcb3d5f,0,0,,,,,,7.6,,1361281919,4,26
184,51290defe4b0edd35464c3ea,0,0,,,,,,0.0,,1361645039,0,0
185,512b7253e4b0e22f0cf5d103,0,0,,,,,,0.0,,1361801811,0,0
186,512c3ff5e4b0ab9563a7277e,0,0,,,,,,0.0,,1361854453,0,3
187,51322df8e4b0bef1867a6bc2,0,0,,,,,,0.0,,1362243064,0,0
188,513f157ae4b0bb7781ee84c9,0,0,http://terakki.org.tr,,,+902123510060,+90 212 351 00 60,0.0,,1363088762,0,1
189,5141881ce4b018ed8441fb7b,0,0,,,,,,0.0,,1363249180,0,1
190,5151d427e4b0af5eebaaa3ec,0,0,,,,,,6.3,,1364317223,7,17
191,515421b6e4b006679d23754c,0,0,,,,,,0.0,,1364468150,0,0
192,515468d3e4b0c4ec8b923eaf,0,0,,,,,,0.0,,1364486355,0,1
193,515a6bb8e4b09611230885bb,0,0,,,,,,0.0,,1364880312,1,0
194,5162cf02e4b069b26abe0b80,0,0,,,,,,0.0,,1365430018,2,5
195,51680bd5e4b0d5c0d6803dff,0,0,,,,,,0.0,,1365773269,0,4
196,51692cc9e4b00b2b2cf1f9fb,0,0,,,,,,7.2,,1365847241,2,8
197,516931b3e4b0640a3e06e773,0,0,,,,,,0.0,,1365848499,0,0
198,51696edfe4b0653e8e0c4332,0,0,,neofitpts,,+905302387592,+90 530 238 75 92,0.0,,1365864159,1,4
199,51701560e4b068bd5f3ac0c8,0,0,,,,,,0.0,,1366300000,1,1
200,5172f0d9e4b0936903a28681,0,0,,,,,,0.0,,1366487257,0,0
201,517525cee4b09fc9488b2f43,0,0,,,,,,0.0,,1366631886,0,0
202,5176b4ade4b00ec770ebeea6,0,0,,,,,,0.0,,1366733997,0,0
203,517953ce498e1f75c1951d65,0,0,,cvdtdnmz,,+905076922132,+90 507 692 21 32,8.6,,1366905806,10,30
204,51795516e4b0b4b4794d4dba,0,0,,,,,,0.0,,1366906134,2,2
205,517ace1de4b0713f172be8a6,0,0,,,,,,0.0,,1367002653,0,0
206,517e4f02e4b04f1b74f611a0,0,0,,,,,,0.0,,1367232258,0,0
207,5182622e498e24380cef787c,0,0,,superslowzonetr,,+902122828685,+90 212 282 86 85,8.4,,1367499310,10,30
208,51829476498e24380f2e2786,0,0,,,,,,0.0,,1367512182,0,0
209,5188a173498e65952c90d36e,0,0,,,,,,0.0,,1367908723,0,1
210,518a720e498e8928a2443553,0,0,,,,,,6.9,,1368027662,0,8
211,5194f376498edb3599e8a601,0,0,,,,+902122887988,+90 212 288 79 88,0.0,,1368716150,0,1
212,5198b846498e459560bb46c1,0,0,,,,,,5.7,,1368963142,1,5
213,519cca52498e1a978fff9c06,0,0,,,,,,0.0,,1369229906,0,3
214,51a6e96c498edbcd731ea581,0,0,,,,,,0.0,,1369893228,0,3
215,51c088c5498e9608db7e7d75,0,0,,,,,,0.0,,1371572421,0,0
216,51cd60d6498eb94de1ff418f,0,0,,,,,,0.0,,1372414166,0,0
217,51dadf47498ef6df3cbf320a,0,0,,,,,,0.0,,1373298503,0,1
218,51de8d39498e7993b16cfb40,0,0,,,,,,0.0,,1373539641,0,0
219,51e50596498eb4224a284771,0,0,,,,,,0.0,,1373963670,0,0
220,520baa1711d2aa319be8a9c2,0,0,,,,,,7.5,,1376496151,1,13
221,521b932111d2fceeecfe55db,0,0,http://www.fitintime.com.tr,fitintime,,+902623242445,+90 262 324 24 45,0.0,,1377538849,1,4
222,5221b1c411d2e7bc4ae66ec2,0,0,http://studiogaye.com,studiogaye,,+902123513208,+90 212 351 32 08,0.0,,1377939908,0,0
223,522ae32411d2e5c367338ee5,0,0,,,,,,0.0,,1378542372,0,1
224,5230240911d27365df7b0ac7,0,0,,,,,,0.0,,1378886665,0,1
225,5235e80111d2bfb623a2eeb7,0,0,,,,+902122632300,+90 212 263 23 00,7.6,,1379264513,1,9
226,5237f28711d29faa8b127dd5,0,0,,,,,,0.0,,1379398279,0,0
227,523dd0d711d20523cc923a0b,0,0,,,,,,0.0,,1379782871,0,1
228,52498bbf498eda4a0ebcb0cd,0,0,,,,,,0.0,,1380551615,0,0
229,524c1be0498e0ba581dd3f30,0,0,,,,+902122124600,+90 212 212 46 00,0.0,,1380719584,0,1
230,525353e793cdbe93df150916,0,0,http://www.crossfitcoach.org,cfcoach_murat,,+905324736283,+90 532 473 62 83,0.0,Functional Fitness Studio,1381192679,1,6
231,5257fae011d27f1ad212bbda,0,0,http://www.fitintime.com,,,+902122801144,+90 212 280 11 44,7.0,,1381497568,1,7
232,52663d7a11d2f992c192ea3b,0,0,,,,,,8.0,,1382432122,7,21
233,526d1b25498e3511145e5374,0,0,,,,,,8.7,,1382882085,3,17
234,5279606811d2f277d1bb7b4a,0,0,,,,,,0.0,,1383686248,0,1
235,5282706e498e7c1a6017704b,0,0,,sadikerdem,,,,0.0,,1384280174,0,0
236,528b2ff811d25de53d85f877,0,0,,,,,,0.0,,1384853496,0,1
237,528b5a1c11d280cd4e95abb2,0,0,,,,,,0.0,,1384864284,0,3
238,5290bdb5498ec7be1abf7e10,0,0,,,,,,7.3,,1385217461,0,7
239,52948a1611d2fcb09f2ecbf5,0,0,,,,,,0.0,,1385466390,0,2
240,5295eb2411d2458da94e1a4c,0,0,,,,,,8.6,,1385556772,2,40
241,5295fef111d224489e28d1d5,0,0,,,,,,0.0,,1385561841,0,1
242,5297299111d2b1ded98fd03e,0,0,,,,,,0.0,,1385638289,0,0
243,529d2cde11d2f5ed6fd3d4e8,0,0,,,,,,0.0,,1386032350,0,1
244,529e0e3611d218ae6db58809,0,0,,,,,,0.0,,1386090038,0,1
245,529ee5c0498e681e85af294b,0,0,,,,,,0.0,,1386145216,0,4
246,52a0acc711d2b0aa236d1ecc,0,0,,,,,,0.0,,1386261703,0,0
247,52a304f011d22e4bc65549b6,0,0,,,,,,0.0,,1386415344,0,0
248,52c58a5e498ed45de5eba49a,0,0,,,,,,0.0,,1388677726,0,0
249,52c74047498e827a0eb93362,0,0,,ptozzy,,,,0.0,,1388789831,5,6
250,52c7c2a111d267f082689cd8,0,0,,,,,,0.0,,1388823201,0,1
251,52d14b6b498e867eeb65c76f,0,0,,,,,,0.0,,1389448043,0,3
252,52dea56f498ef6139e3526a9,0,0,,,,,,0.0,,1390323055,0,3
253,52e0c055498e1165b00cd382,0,0,,,,,,0.0,,1390461013,0,1
254,52f12269498ea21cecc8e723,0,0,,,,,,0.0,,1391534697,0,0
255,52f8e17d498ed2dbf5a98b18,0,0,,,,,,0.0,,1392042365,0,0
256,52fd4580498edb0967fb44a2,0,0,,,,+902122654414,+90 212 265 44 14,7.5,,1392330112,3,28
257,52fe69c6498eee8cee3819e9,0,0,,,,,,0.0,,1392404934,0,0
258,5302448d11d2964d7be0d94d,0,0,,,,,,0.0,,1392657549,0,0
259,53078249498e6d68e8277ee7,0,0,,,,,,0.0,,1393001033,0,0
260,531f339b498ed8f1b640e8cb,0,0,,,,,,0.0,,1394553755,0,0
261,53203b2e498ed7e8575c60e3,0,0,,,,,,0.0,,1394621230,0,2
262,5326fc13498e3687cf7ce4eb,0,0,,,,,,0.0,,1395063827,0,3
263,53275061498e22824f0cc598,0,0,,,,+902122583377,+90 212 258 33 77,0.0,,1395085409,0,2
264,53351c45498e08768862842a,0,0,,,,,,0.0,,1395989573,0,1
265,53355620498e1087fbf232af,0,0,,,,+902123519191,+90 212 351 91 91,0.0,,1396004384,0,2
266,53371f35498e795a6764c9da,0,0,,,,,,0.0,,1396121397,0,0
267,533a9771498e2a68364f7a3e,0,0,http://www.fitintime.com.tr,fitintime,,+902123275500,+90 212 327 55 00,8.1,,1396348785,1,20
268,53565307498ee8ea15e83730,0,0,,,,,,0.0,,1398166279,0,1
269,5356a2ce498e62ac700e20f4,0,0,,,,,,0.0,,1398186702,0,0
270,535bfe99498e1b6703b86650,0,0,,,,,,0.0,,1398537881,1,3
271,53608edf498e2c6f818bc9d4,0,0,http://www.acibademsports.com,,,+902122614242,+90 212 261 42 42,8.6,,1398836959,41,479
272,53634de9498ee61c4d1c0286,0,0,,,,,,0.0,,1399016937,0,1
273,5371e7a4498edb312fb48206,0,0,,,,,,0.0,,1399973796,0,1
274,5371e85f498eef29524e356f,0,0,,,,,,0.0,,1399973983,1,3
275,53836a36498e1b7adfcbabf6,0,0,,lifespacenter,,+902122198281,+90 212 219 82 81,8.1,Amacı sağlıklı yaşam olan herkesin rahatlıkla istediğini yapabileceği bir spor salonu,1401121334,6,14
276,53960b62498e7b5d5ba4c69c,0,0,,,,,,0.0,,1402342242,0,0
277,53ad4552498ec970f3c6da92,0,0,,,,,,0.0,,1403864402,0,1
278,53b1892c498e1ac3c13602e5,0,0,,zinpilates,,+902122592424,+90 212 259 24 24,8.9,,1404143916,10,42
279,53b53453498ec20e7df14927,0,0,http://www.tuncclub.com,,,+902122592299,+90 212 259 22 99,6.6,,1404384339,7,31
280,53c106c6498eb5bf28eff4c6,0,0,,,,+902122847796,+90 212 284 77 96,8.3,,1405159110,0,16
281,53db93b0498e4accb65ee950,0,0,,,,,,0.0,,1406899120,0,6
282,53f878f0498e71a1e0e306f4,0,0,,,,,,0.0,,1408792816,0,0
283,53fc638a498e41f50c3f4f6f,0,0,,,,,,0.0,,1409049482,0,0
284,53ff4ada498e05edf9f65d30,0,0,,,,+902122797776,+90 212 279 77 76,0.0,,1409239770,1,0
285,5406e760498e57a3720dfc31,0,0,,,,,,0.0,,1409738592,0,0
286,5419b56f498e3c60277d0cc9,0,0,,gomaxturkiye,,+902122166294,+90 212 216 62 94,0.0,,1410970991,0,1
287,54202045498e2005467c3d08,0,0,http://www.macfit.com.tr,macfitofficial,,,,8.1,,1411391557,60,439
288,542568b5498ea0cf9eb1d45b,0,0,,,,,,0.0,,1411737781,0,0
289,5436cd20498ec3759075b4d6,0,0,,,,,,0.0,,1412877600,0,0
290,544265db498e1428318ad3d0,0,0,,,,,,0.0,,1413637595,0,0
291,5443ba5c498e6255f1454099,0,0,,,,+902122589000,+90 212 258 90 00,6.2,,1413724764,1,16
292,5444b0b3498edf77db02b1d9,0,0,,,,,,0.0,,1413787827,0,5
293,5457b2b9498eb97a8cc58140,0,0,,,,,,0.0,,1415033529,0,0
294,5458b39a498e5bf7dc951c6f,0,0,,,,+902123582626,+90 212 358 26 26,0.0,,1415099290,0,1
295,545bd48f498e3c9303fbd173,0,0,,,,+902122364176,+90 212 236 41 76,0.0,,1415304335,1,5
296,5469bdc5498e75af095b4aad,0,0,,,,+902122166294,+90 212 216 62 94,0.0,,1416216005,0,2
297,5475f9cb498e323e46be2ad7,0,0,http://www.upaqua.com,upaquasocial,,+902122826720,+90 212 282 67 20,0.0,"UPAQUA®, First Private Aqua Cycling Centre in Turkey!
Butik merkezimizde, Avrupa'da kendini kanıtlamış bireysel Aqua Cycling deneyimi sunuyoruz.",1417017803,1,1
298,547b652b498ef97a10a547be,0,0,http://www.macfit.com.tr,macfitofficial,,,,7.9,,1417372971,51,548
299,547c3c4c498e61d2bc9854fd,0,0,,smashfitpeople,,,,8.3,,1417428044,3,11
300,5481e027498eb80c2a52d8f7,0,0,,,,,,6.7,,1417797671,1,8
301,5482f762498ee5d2bdbc32dc,0,0,,,,,,8.5,,1417869154,4,17
302,5486cb50498ec850ace8ab3e,0,0,,,,+902122607447,+90 212 260 74 47,8.1,,1418120016,1,11
303,5489a5fb498ed979671d0b5f,0,0,,,,+902122637507,+90 212 263 75 07,0.0,,1418307067,0,2
304,549555a3498e349305bab512,0,0,http://www.fitintime.com.tr,fitintime,,+902122570222,+90 212 257 02 22,0.0,,1419072931,0,6
305,549ae935498ee55ba0f00875,0,0,,,,,,6.1,,1419438389,7,22
306,549d4fee498e739daab8bd09,0,0,,,,,,0.0,,1419595758,0,0
307,549d5088498e9fa6cea53b68,0,0,,,,,,0.0,,1419595912,0,1
308,54a7a1a2498e5c3b360fb518,0,0,,,,,,0.0,,1420272034,1,5
309,54bc1cbf498ec3ed3db178e8,0,0,,,,,,9.2,,1421614271,6,27
310,54be3478498e312c6e05bc7a,0,0,,,,,,0.0,,1421751416,0,2
311,54c375c6498ec42c9594f9ef,0,0,,,,,,0.0,,1422095814,3,5
312,54c7a74b498efcff073086b5,0,0,,gomaxturkiye,,+905325501765,+90 532 550 17 65,0.0,,1422370635,1,2
313,54da07bc498ea092a7ad3101,0,0,,,,,,0.0,,1423574972,0,0
314,54dde371498ee52f038cb2ec,0,0,,,,,,0.0,,1423827825,0,1
315,54f1c626498ef860b7448d20,0,0,http://www.allso.academy,allsoacademy,,+905330636840,+90 533 063 68 40,8.2,,1425131046,1,9
316,550aad86498e503007accba6,0,0,,,,,,0.0,,1426763142,0,1
317,550ab6dd498ef4e6a6885817,0,0,,,,,,0.0,,1426765533,0,0
318,55119bd2498ef1b309ae8340,0,0,,,,+902122362016,+90 212 236 20 16,8.4,,1427217362,2,13
319,5512d588498e5b9699c05d68,0,0,,,,,,8.2,,1427297672,1,10
320,5530f9ea498e8463265b3caf,0,0,,,,,,0.0,,1429273066,0,0
321,55449821498ee15ea4aafada,0,0,,,,,,0.0,,1430558753,0,0
322,5548bc68498e577bfea4bda1,0,0,,,,,,0.0,,1430830184,0,0
323,554a25d6498eca79567f6726,0,0,http://www.efit.com.tr,efitstudio,,,,8.3,,1430922710,2,18
324,554a5f24498e47944b221224,0,0,,,,,,0.0,,1430937380,0,0
325,554ca48f498eb0c13b64ad58,0,0,,,,+902122632377,+90 212 263 23 77,7.8,,1431086223,3,6
326,55523081498e5a1152b8034b,0,0,,,,,,0.0,,1431449729,0,0
327,555cad66498e02e9b83ebd76,0,0,,,,,,0.0,,1432137062,0,0
328,556c08f4498e40bf38d3c260,0,0,,,,,,7.2,,1433143540,4,13
329,55829ffc498e3b830b3e3787,0,0,,,,,,0.0,,1434623996,0,2
330,5583fde3498e1bf4ecfc5691,0,0,,,,,,0.0,,1434713571,2,5
331,55a0f260498eb3b28cd43caa,0,0,,,,,,0.0,,1436611168,1,1
332,55a37df6498e3ac249b02523,0,0,http://www.bodynetworx.com,basipilatestr,,+902122693369,+90 212 269 33 69,8.0,,1436777974,3,16
333,55c1056b498e2023eea1d74f,0,0,,,,,,0.0,,1438713195,0,0
334,55c55f83498e372c864c99c4,0,0,,,,,,0.0,,1438998403,0,0
335,55cc1ba5498e0c495fef7281,0,0,,,,,,0.0,,1439439781,0,2
336,55cf35c7498ecd354058f625,0,0,,,,,,6.9,,1439643079,2,8
337,55dc0bd7498e6f255910860e,0,0,,,,,,0.0,,1440484311,0,0
338,55e72651498eba4e1886b65e,0,0,,,,,,0.0,,1441211985,0,0
339,55e85c05498e7a0888906b7a,0,0,,,,,,0.0,,1441291269,0,0
340,55f6e813498eccb3370ea720,0,0,,,,,,0.0,,1442244627,0,1
341,56094f0e498e9b2a6beaccb1,0,0,,,,,,8.0,,1443450638,2,9
342,560a9b76498e54da64565377,0,0,,,,,,0.0,,1443535734,0,2
343,561d37e1498ed6b44b224ae1,0,0,,,,,,0.0,,1444755425,0,0
344,561fdbd5498efb955d84f23b,0,0,,,,,,0.0,,1444928469,0,1
345,5629069f498e8a8e6dc9163b,0,0,,,,,,0.0,,1445529247,0,1
346,562a4ae7498e076d6c5c3e58,0,0,,,,,,0.0,,1445612263,1,0
347,562f272f498e5cf3d9f7884d,0,0,,,,,,0.0,,1445930799,0,0
348,5634dc47498ec143085e7432,0,0,,,,,,0.0,,1446304839,0,0
349,56463f5c498eb572f4b3c19f,0,0,,,,,,0.0,,1447444316,0,0
350,5646db2f498e8cd9555f80e0,0,0,,,,,,0.0,,1447484207,1,3
351,5658b0d5498e1bd861aea257,0,0,,,,,,0.0,,1448653013,0,0
352,565acc2c498e511a2af50c30,0,0,,,,,,8.7,,1448791084,1,32
353,565c6337498ee888639ffd72,0,0,,,,,,8.6,,1448895287,1,10
354,5674358b498e1445a9032100,0,0,,,,,,0.0,,1450456459,0,3
355,56745517498e116032d3bd40,0,0,,,,,,8.4,,1450464535,1,13
356,56753add498e68008285ea0f,0,0,,,,+902122667366,+90 212 266 73 66,0.0,,1450523357,0,0
357,5678165d498e5f7d9db58ef4,0,0,,,,,,0.0,,1450710621,0,0
358,56812a2b498e029dabf79fe9,0,0,,,,,,0.0,,1451305515,0,0
359,5687ee70498e219351b887cf,0,0,,,,,,0.0,,1451748976,0,0
360,568bbbfc498e509369db945a,0,0,,,,,,8.4,,1451998204,0,10
361,568c3da4498e619efad0b766,0,0,,,,+902122321248,+90 212 232 12 48,0.0,,1452031396,0,7
362,5694b60c498e0529f37de5e3,0,0,,,,,,8.3,,1452586508,2,10
363,56978e23498e21a5b1cab15e,0,0,,,,,,0.0,,1452772899,0,0
364,56979252498e1880255503e2,0,0,,,,,,0.0,,1452773970,0,0
365,5697bfa5498e9e387aed0c86,0,0,,,,,,0.0,,1452785573,2,1
366,5699202b498e932eb38d496f,0,0,,,,+902122607447,+90 212 260 74 47,0.0,,1452875819,2,4
367,56a332a9498e392f53ba9a1e,0,0,,,,,,0.0,,1453535913,0,0
368,56a3becc498e3eaf7b64bce8,0,0,,,,,,0.0,,1453571788,0,1
369,56a9c616498e70193b99299c,0,0,,,,,,0.0,,1453966870,0,2
370,56b8df2d498e0e0d5fa65526,0,0,,,,,,0.0,,1454956333,0,1
371,56cdb266cd1058a4fe84b6af,0,0,,,,,,0.0,,1456321126,0,2
372,56d6c2c0498efffdd7f722b1,0,0,http://www.bodynetworx.com,basipilatestr,,+904447659,+90 4447659,0.0,,1456915136,1,5
373,56e4ee3b498e069c59bfe09b,0,0,,,,,,0.0,,1457843771,0,0
374,56e57690498e13426cefd221,0,0,,,,,,0.0,,1457878672,0,1
375,56e6e650498eb603a234e70b,0,0,,,,,,0.0,,1457972816,0,0
376,56eabc56498e8912fe2c504a,0,0,,,,,,0.0,,1458224214,0,0
377,56f01c7f498e574e0bd61bae,0,0,,,,+905302932332,+90 530 293 23 32,0.0,,1458576511,1,5
378,57213352498ea56bba06b0c5,0,0,,,,,,0.0,,1461793618,0,0
379,573af155cd100f50691f3671,0,0,,,,,,0.0,,1463480661,3,5
380,573cccd6498ed0f35ce2e946,0,0,,,,,,0.0,,1463602390,0,4
381,57584a3c498e0b821ecf25a9,0,0,,,,,,0.0,,1465403964,0,0
382,578e0760498ef730f15230fa,0,0,,,,,,0.0,,1468925792,0,1
383,5797695b498e5157571e028e,0,0,,,,,,0.0,,1469540699,0,0
384,57acdb0c498eb43ff2c12e9d,0,0,,,,,,0.0,,1470946060,0,1
385,57da4b03498ef70099e9133c,0,0,,,,,,6.4,,1473923843,1,7
386,57ef4366498efc88437f8abd,0,0,,,,,,0.0,,1475298150,0,1
387,57f3cc3a498ed2bc019409ec,0,0,,,,,,0.0,,1475595322,0,1
388,57f52e06498e1f07ad5d9668,0,0,,,,,,0.0,,1475685894,0,3
389,57f53aaf498e1acf4ccf6447,0,0,,,,,,0.0,,1475689135,0,4
390,57f635d3498e7b256fd58152,0,0,,,,,,0.0,,1475753427,0,0
391,57f8a504498ed8acdb98a431,0,0,,,,,,8.0,,1475912964,3,7
392,57fb35c0498e9e77b666febc,0,0,,,,,,0.0,,1476081088,0,0
393,57fd002a498e1678af829a96,0,0,,,,,,0.0,,1476198442,0,0
394,5801e3bd38faa9fbef90e656,0,0,,,,,,0.0,,1476518845,0,0
395,5808f72138fa7ce988b46bd6,0,0,,,,,,0.0,,1476982561,0,0
396,581f55dc19fca3500118cd8f,0,0,,,,,,0.0,,1478448604,0,0
397,5822dbacda820231882085c9,0,0,,,,,,0.0,,1478679468,0,0
398,582c4786d02c060c9ec3ba78,0,0,,,,,,0.0,,1479296902,1,1
399,582ef7dd0162176af691f970,0,0,,,,,,0.0,,1479473117,0,4
400,58340df85804ea397b9f797c,0,0,http://www.pilatesandmove.com,,,+902122968096,+90 212 296 80 96,7.8,,1479806456,4,10
401,583596f2dfa6ff689c3b5c2d,0,0,,,,,,0.0,,1479907058,0,0
402,5836cc54ce593d4164efb435,0,0,,,,,,0.0,,1479986260,0,2
403,58430a5555d622400f346497,0,0,,,,,,0.0,,1480788565,0,1
404,58482665ca107024cf8a3968,0,0,,,,,,0.0,,1481123429,1,3
405,58482792fc73d474f3c5da0f,0,0,,,,,,0.0,,1481123730,0,2
406,5852c16c52a05137728d5ad7,0,0,,,,,,0.0,,1481818476,0,5
407,5852c36b040d535401c680a5,0,0,,,,,,0.0,,1481818987,1,1
408,5861093376f2ca787e83004b,0,0,,,,,,0.0,,1482754355,0,2
409,586757706431e533bf2436d1,0,0,,,,,,7.4,,1483167600,0,1
410,586cd4fade0cbc35d7b4c6f5,0,0,,,,,,8.1,,1483527418,8,41
411,587bbec46d349d17a02a8532,0,0,,,,,,0.0,,1484504772,0,0
412,587cd7f1f22995732d7b49eb,0,0,,,,,,0.0,,1484576753,0,0
413,589b350a55d622019070a7ac,0,0,,,,,,0.0,,1486566666,0,0
414,58b0601358c4d129f8020f4a,0,0,,,,,,0.0,,1487953939,0,0
415,58b18d7a4287c926c6b7d8ae,0,0,http://www.uluspilates.com,uluspilates,,+902122631761,+90 212 263 17 61,0.0,,1488031098,0,4
416,58b57dbeac329115d2bd48af,0,0,,,,,,0.0,,1488289214,0,0
417,58bee1e2b3cdc81ac4d3ee0c,0,0,http://www.fastfit.com.tr,,,+905543693254,+90 554 369 32 54,0.0,,1488904674,3,2
418,58c154e152a0514a81723474,0,0,http://www.zoneclub.me,zonefitnessspa,,+902122135252,+90 212 213 52 52,7.3,,1489065185,44,168
419,58c78d18d25ded21044851ba,0,0,,,,,,8.1,,1489472792,1,7
420,58cce2cd76b8b27b764fd459,0,0,http://www.thegym.istanbul,,,+902122872877,+90 212 287 28 77,0.0,,1489822413,0,4
421,58edeb072980db13cf3d927c,0,0,,,,,,0.0,,1491987207,0,1
422,590b73710d8a0f1dd8770846,0,0,,,,,,0.0,,1493922673,0,0
423,590b76da2bf9a94532413471,0,0,,,,,,0.0,,1493923546,0,0
424,59119b2be65d0c0dcb50aa07,0,0,,,,,,0.0,,1494326059,1,3
425,5911d4c635dfa75e1d7fca56,0,0,,,,,,7.2,,1494340806,0,17
426,5912daeb3fcee8711d16d55b,0,0,,,,,,0.0,,1494407915,0,1
427,591d764db8fd9d0ce23a21af,0,0,,,,,,0.0,,1495103053,0,1
428,5926e8c82aff31298775c473,0,0,,,,,,9.0,,1495722184,1,23
429,59304d516fd6265bab66c945,0,0,,,,,,0.0,,1496337745,0,1
430,59310f98724750442fc52179,0,0,,,,,,0.0,,1496387480,0,2
431,598319bb1499463427865760,0,0,http://pilatesstudiobebek.com,,,+902122295757,+90 212 229 57 57,0.0,,1501764027,2,3
432,598447d4535d6f7629a332a0,0,0,,,,,,0.0,,1501841364,0,1
433,59943ba36eda027da302bbdd,0,0,,,,,,0.0,,1502886819,1,2
434,59c10af225fb7b7fd7eca110,0,0,,,,,,7.8,,1505823474,3,5
435,59c4dc1cc4df1d02e4413705,0,0,,,,,,0.0,,1506073628,0,0
436,59ce6fa5a9fe123f1c33d727,0,0,http://www.dopilates.net,,,,,0.0,,1506701221,0,6
437,59f32d45f00a7057ddc14530,0,0,,,,,,0.0,,1509109061,1,6
438,59f33b59f96b2c39564ea90a,0,0,,,,,,0.0,,1509112665,0,0
439,59fd6800a92d9866eb19fdca,0,0,,,,,,0.0,,1509779456,0,2
440,59fd8f26112c6c13b9625308,0,0,,,,,,0.0,,1509789478,1,1
441,5a088cc9c666664bdd2928b4,0,0,http://groundandpoundistanbul.com,,,,,0.0,,1510509769,0,5
442,5a1d5390e4c4594c8edd2072,0,0,,,,,,0.0,,1511871376,0,0
443,5a250289c21cb16acf1c01a5,0,0,,,,,,0.0,,1512374921,0,1
444,5a2ffc848ad62e3cde5e5bcd,0,0,,,,,,0.0,,1513094276,0,0
445,5a6340b966611622b6114cfc,0,0,,,,,,0.0,,1516454073,0,4
446,5a6f3af4cad1b62a635418ce,0,0,,,,,,0.0,,1517239028,0,1
447,5a858d2d9e0d546cf624f3df,0,0,,,,,,0.0,,1518701869,0,0
448,5a87e273018cbb6c4c1f7477,0,0,http://www.omerseckin.com,,,+905543693207,+90 554 369 32 07,0.0,,1518854771,0,1
449,5a93918692e7a92dfd3788b0,0,0,,,,,,0.0,,1519620486,0,0
450,5a9ba5b5054e29285d2464c8,0,0,,,,,,0.0,,1520149941,0,0
451,5a9ee7a41cf2e15a1eead5e2,0,0,,,,,,0.0,,1520363428,0,0
452,5aab8c800868a22591a4c121,0,0,https://www.aikidobozdogan.com,,,,,0.0,,1521192064,0,0
453,5aba7caa6bd36b71fd7f0919,0,0,,,,,,0.0,,1522171050,1,1
454,5ac793dc4a7aae67f1ec83a7,0,0,,,,,,0.0,,1523028956,0,0
455,5aee9ac5d807ee002cc3d69f,0,0,,,,,,0.0,,1525586629,1,1
456,5aff5118d0a149002c16b42f,0,0,,,,,,0.0,,1526681880,0,0
457,5b05496a98fbfc002cce136a,0,0,,,,,,0.0,,1527073130,0,0
458,5b1539fb005ac1002c5aa1f4,0,0,,,,,,0.0,,1528117755,0,0
459,5b17cb9adb3aef0024e85628,0,0,http://www.pilatesystem.com.tr,,,,,7.5,,1528286106,7,9
460,5b185ff6a0215b002cd7d289,0,0,,,,+908508851557,+90 850 885 1557,0.0,,1528324086,0,1
461,5b2527bb270ee7002ce09958,0,0,,,,,,0.0,,1529161659,0,1
462,5b3631a7c0cacb002ce6e5a2,0,0,,,,,,0.0,,1530278311,2,0
463,5b5cc7ec4a7aae002c9d87a7,0,0,,,,,,0.0,,1532807148,0,0
464,5b7110d0db2aeb002c9e02d9,0,0,,,,,,0.0,,1534136528,1,0
465,5b8fcad98194fc0039070cac,0,0,,,,,,0.0,,1536150233,0,2
466,5ba10b8132b61d002c69e413,0,0,,,,,,0.0,,1537280897,0,0
